,review_id,review_comment,review_likes,user_rating,date_posted,restaurant_id,user_id
0,6001,Wow... Loved this place.,1,3.8,2022-01-23,1003,2020
1,6002,Crust is not good.,0,4.8,2021-04-04,1010,2089
2,6003,Not tasty and the texture was just nasty.,0,3.1,2021-04-18,1005,2015
3,6004,Stopped by during the late May bank holiday off Rick Steve recommendation and loved it.,1,2.1,2021-12-19,1014,2070
4,6005,The selection on the menu was great and so were the prices.,1,1.7,2021-03-29,1007,2011
5,6006,Now I am getting angry and I want my damn pho.,0,2.7,2021-08-27,1009,2087
6,6007,Honeslty it didn't taste THAT fresh.),0,2.2,2022-09-04,1002,2013
7,6008,The potatoes were like rubber and you could tell they had been made up ahead of time being kept under a warmer.,0,4.3,2021-03-03,1009,2072
8,6009,The fries were great too.,1,3.5,2021-02-25,1013,2079
9,6010,A great touch.,1,4.9,2021-08-24,1008,2092
10,6011,Service was very prompt.,1,4.5,2022-04-14,1001,2079
11,6012,Would not go back.,0,1.7,2021-03-03,1007,2075
12,6013,The cashier had no care what so ever on what I had to say it still ended up being wayyy overpriced.,0,1.1,2022-05-31,1009,2051
13,6014,"I tried the Cape Cod ravoli, chicken, with cranberry...mmmm!",1,2.5,2021-09-14,1003,2089
14,6015,I was disgusted because I was pretty sure that was human hair.,0,4.7,2021-02-20,1007,2061
15,6016,I was shocked because no signs indicate cash only.,0,1.9,2022-06-19,1008,2039
16,6017,Highly recommended.,1,4.5,2021-07-05,1001,2027
17,6018,Waitress was a little slow in service.,0,3.0,2021-11-23,1011,2004
18,6019,"This place is not worth your time, let alone Vegas.",0,3.6,2022-05-10,1003,2096
19,6020,did not like at all.,0,4.4,2021-10-22,1007,2012
20,6021,The Burrittos Blah!,0,4.8,2021-06-25,1008,2074
21,6022,"The food, amazing.",1,2.0,2022-01-11,1004,2022
22,6023,Service is also cute.,1,2.4,2022-08-30,1013,2059
23,6024,I could care less... The interior is just beautiful.,1,2.1,2022-08-27,1002,2060
24,6025,So they performed.,1,4.3,2021-12-09,1013,2062
25,6026,That's right....the red velvet cake.....ohhh this stuff is so good.,1,4.4,2021-12-19,1007,2025
26,6027,- They never brought a salad we asked for.,0,3.5,2021-03-19,1004,2026
27,6028,"This hole in the wall has great Mexican street tacos, and friendly staff.",1,3.9,2022-07-22,1011,2057
28,6029,"Took an hour to get our food only 4 tables in restaurant my food was Luke warm, Our sever was running around like he was totally overwhelmed.",0,3.8,2022-01-23,1004,2080
29,6030,The worst was the salmon sashimi.,0,3.1,2021-06-23,1014,2059
30,6031,"Also there are combos like a burger, fries, and beer for 23 which is a decent deal.",1,2.7,2022-04-28,1001,2014
31,6032,This was like the final blow!,0,4.5,2021-09-01,1006,2041
32,6033,I found this place by accident and I could not be happier.,1,3.9,2021-10-01,1006,2099
33,6034,"seems like a good quick place to grab a bite of some familiar pub food, but do yourself a favor and look elsewhere.",0,2.2,2021-03-15,1005,2077
34,6035,"Overall, I like this place a lot.",1,4.6,2021-11-26,1003,2047
35,6036,The only redeeming quality of the restaurant was that it was very inexpensive.,1,2.0,2022-10-12,1007,2082
36,6037,Ample portions and good prices.,1,1.1,2022-10-27,1002,2065
37,6038,"Poor service, the waiter made me feel like I was stupid every time he came to the table.",0,4.8,2021-12-10,1009,2038
38,6039,My first visit to Hiro was a delight!,1,1.5,2022-04-21,1006,2011
39,6040,Service sucks.,0,1.5,2022-08-09,1006,2064
40,6041,The shrimp tender and moist.,1,4.3,2022-07-10,1008,2049
41,6042,There is not a deal good enough that would drag me into that establishment again.,0,4.2,2022-06-25,1002,2022
42,6043,Hard to judge whether these sides were good because we were grossed out by the melted styrofoam and didn't want to eat it for fear of getting sick.,0,4.1,2021-08-01,1007,2076
43,6044,"On a positive note, our server was very attentive and provided great service.",1,3.8,2022-09-18,1002,2067
44,6045,"Frozen pucks of disgust, with some of the worst people behind the register.",0,3.1,2022-11-25,1008,2073
45,6046,The only thing I did like was the prime rib and dessert section.,1,3.0,2022-11-09,1010,2026
46,6047,It's too bad the food is so damn generic.,0,4.4,2022-09-05,1013,2075
47,6048,"The burger is good beef, cooked just right.",1,2.6,2021-01-31,1014,2011
48,6049,If you want a sandwich just go to any Firehouse!!!!!,1,4.6,2021-01-25,1007,2052
49,6050,"My side Greek salad with the Greek dressing was so tasty, and the pita and hummus was very refreshing.",1,2.3,2022-05-17,1004,2088
50,6051,We ordered the duck rare and it was pink and tender on the inside with a nice char on the outside.,1,4.1,2021-01-21,1015,2071
51,6052,He came running after us when he realized my husband had left his sunglasses on the table.,1,1.5,2021-07-03,1010,2022
52,6053,Their chow mein is so good!,1,2.5,2022-07-21,1014,2075
53,6054,"They have horrible attitudes towards customers, and talk down to each one when customers don't enjoy their food.",0,2.1,2022-01-23,1010,2021
54,6055,The portion was huge!,1,3.7,2022-07-24,1013,2087
55,6056,"Loved it...friendly servers, great food, wonderful and imaginative menu.",1,1.6,2021-09-19,1012,2039
56,6057,The Heart Attack Grill in downtown Vegas is an absolutely flat-lined excuse for a restaurant.,0,4.9,2021-01-27,1007,2062
57,6058,Not much seafood and like 5 strings of pasta at the bottom.,0,4.7,2022-11-25,1006,2037
58,6059,"The salad had just the right amount of sauce to not over power the scallop, which was perfectly cooked.",1,3.3,2021-03-02,1012,2083
59,6060,"The ripped banana was not only ripped, but petrified and tasteless.",0,3.9,2021-01-16,1001,2080
60,6061,At least think to refill my water before I struggle to wave you over for 10 minutes.,0,4.2,2022-06-25,1015,2032
61,6062,This place receives stars for their APPETIZERS!!!,1,2.5,2021-08-10,1009,2071
62,6063,The cocktails are all handmade and delicious.,1,1.3,2022-05-14,1006,2084
63,6064,We'd definitely go back here again.,1,1.5,2022-06-08,1007,2059
64,6065,We are so glad we found this place.,1,2.0,2021-09-29,1011,2001
65,6066,"Great food and service, huge portions and they give a military discount.",1,4.1,2021-11-18,1006,2061
66,6067,Always a great time at Dos Gringos!,1,1.5,2022-01-06,1010,2059
67,6068,Update.....went back for a second time and it was still just as amazing,1,4.5,2021-01-11,1005,2051
68,6069,We got the food and apparently they have never heard of salt and the batter on the fish was chewy.,0,2.0,2021-09-13,1004,2078
69,6070,A great way to finish a great.,1,4.6,2022-09-17,1012,2019
70,6071,"The deal included 5 tastings and 2 drinks, and Jeff went above and beyond what we expected.",1,1.7,2021-11-26,1008,2090
71,6072,"- Really, really good rice, all the time.",1,4.9,2022-10-29,1008,2067
72,6073,The service was meh.,0,2.0,2021-08-16,1008,2007
73,6074,"It took over 30 min to get their milkshake, which was nothing more than chocolate milk.",0,2.2,2021-10-01,1012,2026
74,6075,"I guess I should have known that this place would suck, because it is inside of the Excalibur, but I didn't use my common sense.",0,3.6,2021-02-28,1015,2015
75,6076,The scallop dish is quite appalling for value as well.,0,3.8,2022-01-10,1015,2067
76,6077,2 times - Very Bad Customer Service !,0,5.0,2021-01-02,1005,2046
77,6078,The sweet potato fries were very good and seasoned well.,1,1.7,2021-09-07,1010,2006
78,6079,Today is the second time I've been to their lunch buffet and it was pretty good.,1,3.5,2022-08-27,1009,2034
79,6080,There is so much good food in Vegas that I feel cheated for wasting an eating opportunity by going to Rice and Company.,0,4.0,2021-08-23,1003,2081
80,6081,Coming here is like experiencing an underwhelming relationship where both parties can't wait for the other person to ask to break up.,0,2.8,2022-10-02,1004,2013
81,6082,walked in and the place smelled like an old grease trap and only 2 others there eating.,0,4.2,2022-11-08,1008,2069
82,6083,The turkey and roast beef were bland.,0,4.5,2022-06-29,1002,2050
83,6084,This place has it!,1,2.0,2021-08-31,1012,2040
84,6085,The pan cakes everyone are raving about taste like a sugary disaster tailored to the palate of a six year old.,0,3.3,2021-05-19,1015,2033
85,6086,I love the Pho and the spring rolls oh so yummy you have to try.,1,2.7,2022-07-02,1015,2004
86,6087,The poor batter to meat ratio made the chicken tenders very unsatisfying.,0,4.3,2022-06-16,1009,2009
87,6088,All I have to say is the food was amazing!!!,1,2.4,2022-07-19,1011,2075
88,6089,Omelets are to die for!,1,3.9,2021-02-11,1006,2093
89,6090,Everything was fresh and delicious!,1,3.9,2021-11-13,1013,2095
90,6091,"In summary, this was a largely disappointing dining experience.",0,2.8,2021-05-17,1002,2085
91,6092,"It's like a really sexy party in your mouth, where you're outrageously flirting with the hottest person at the party.",1,1.2,2021-02-20,1009,2094
92,6093,"Never been to Hard Rock Casino before, WILL NEVER EVER STEP FORWARD IN IT AGAIN!",0,4.8,2022-10-25,1009,2005
93,6094,Best breakfast buffet!!!,1,1.9,2022-10-11,1013,2067
94,6095,say bye bye to your tip lady!,0,4.0,2021-01-24,1014,2075
95,6096,We'll never go again.,0,2.8,2021-08-23,1007,2059
96,6097,Will be back again!,1,1.0,2021-07-22,1015,2021
97,6098,Food arrived quickly!,1,3.0,2022-04-16,1005,2044
98,6099,It was not good.,0,2.2,2021-11-09,1003,2068
99,6100,"On the up side, their cafe serves really good food.",1,2.8,2022-03-25,1015,2012
100,6101,"Our server was fantastic and when he found out the wife loves roasted garlic and bone marrow, he added extra to our meal and another marrow to go!",1,4.8,2021-03-23,1011,2027
101,6102,"The only good thing was our waiter, he was very helpful and kept the bloddy mary's coming.",1,1.0,2021-05-19,1013,2057
102,6103,"Best Buffet in town, for the price you cannot beat it.",1,2.7,2022-08-23,1008,2053
103,6104,"I LOVED their mussels cooked in this wine reduction, the duck was tender, and their potato dishes were delicious.",1,2.8,2021-07-09,1005,2029
104,6105,This is one of the better buffets that I have been to.,1,4.0,2022-10-05,1014,2088
105,6106,So we went to Tigerlilly and had a fantastic afternoon!,1,3.5,2022-06-01,1010,2097
106,6107,"The food was delicious, our bartender was attentive and personable AND we got a great deal!",1,4.5,2022-09-26,1002,2021
107,6108,The ambience is wonderful and there is music playing.,1,3.0,2022-08-29,1009,2017
108,6109,Will go back next trip out.,1,2.5,2022-06-08,1011,2091
109,6110,Sooooo good!!,1,2.9,2021-03-10,1006,2013
110,6111,"REAL sushi lovers, let's be honest - Yama is not that good.",0,4.4,2022-08-27,1008,2006
111,6112,"At least 40min passed in between us ordering and the food arriving, and it wasn't that busy.",0,3.3,2021-03-29,1006,2024
112,6113,This is a really fantastic Thai restaurant which is definitely worth a visit.,1,1.9,2021-11-12,1007,2084
113,6114,"Nice, spicy and tender.",1,4.5,2021-09-09,1009,2070
114,6115,Good prices.,1,2.7,2021-11-11,1011,2083
115,6116,Check it out.,1,2.3,2021-12-11,1002,2042
116,6117,It was pretty gross!,0,1.4,2021-01-03,1010,2011
117,6118,I've had better atmosphere.,0,2.1,2022-03-08,1010,2021
118,6119,Kind of hard to mess up a steak but they did.,0,1.5,2021-08-29,1014,2035
119,6120,"Although I very much liked the look and sound of this place, the actual experience was a bit disappointing.",0,2.7,2021-02-24,1005,2005
120,6121,I just don't know how this place managed to served the blandest food I have ever eaten when they are preparing Indian cuisine.,0,2.2,2022-07-08,1003,2097
121,6122,"Worst service to boot, but that is the least of their worries.",0,4.3,2021-10-19,1009,2095
122,6123,Service was fine and the waitress was friendly.,1,1.8,2022-10-22,1005,2085
123,6124,"The guys all had steaks, and our steak loving son who has had steak at the best and worst places said it was the best steak he's ever eaten.",1,2.7,2021-11-05,1011,2054
124,6125,"We thought you'd have to venture further away to get good sushi, but this place really hit the spot that night.",1,4.0,2021-09-15,1009,2078
125,6126,"Host staff were, for lack of a better word, BITCHES!",0,2.9,2021-05-15,1015,2071
126,6127,Bland... Not a liking this place for a number of reasons and I don't want to waste time on bad reviewing.. I'll leave it at that...,0,3.0,2022-07-07,1002,2067
127,6128,"Phenomenal food, service and ambiance.",1,3.1,2021-06-29,1004,2096
128,6129,I wouldn't return.,0,1.1,2021-08-14,1003,2096
129,6130,"Definitely worth venturing off the strip for the pork belly, will return next time I'm in Vegas.",1,4.5,2022-07-30,1010,2018
130,6131,This place is way too overpriced for mediocre food.,0,3.5,2021-11-17,1015,2041
131,6132,Penne vodka excellent!,1,3.1,2022-03-12,1001,2012
132,6133,"They have a good selection of food including a massive meatloaf sandwich, a crispy chicken wrap, a delish tuna melt and some tasty burgers.",1,5.0,2022-07-16,1009,2016
133,6134,The management is rude.,0,2.0,2022-08-10,1012,2017
134,6135,"Delicious NYC bagels, good selections of cream cheese, real Lox with capers even.",1,3.9,2022-10-06,1001,2050
135,6136,"Great Subway, in fact it's so good when you come here every other Subway will not meet your expectations.",1,3.8,2021-03-31,1003,2034
136,6137,I had a seriously solid breakfast here.,1,4.4,2022-09-21,1006,2085
137,6138,This is one of the best bars with food in Vegas.,1,4.3,2022-06-21,1007,2018
138,6139,"He was extremely rude and really, there are so many other restaurants I would love to dine at during a weekend in Vegas.",0,1.8,2022-01-14,1013,2093
139,6140,My drink was never empty and he made some really great menu suggestions.,1,2.5,2022-11-29,1015,2077
140,6141,Don't do it!!!!,0,4.8,2021-02-05,1011,2045
141,6142,The waiter wasn't helpful or friendly and rarely checked on us.,0,1.8,2022-10-01,1015,2042
142,6143,My husband and I ate lunch here and were very disappointed with the food and service.,0,1.4,2022-03-05,1005,2047
143,6144,And the red curry had so much bamboo shoots and wasn't very tasty to me.,0,1.7,2021-01-26,1012,2003
144,6145,Nice blanket of moz over top but i feel like this was done to cover up the subpar food.,1,4.6,2022-03-10,1015,2095
145,6146,The bathrooms are clean and the place itself is well decorated.,1,3.5,2021-03-16,1005,2070
146,6147,"The menu is always changing, food quality is going down & service is extremely slow.",0,3.8,2022-08-08,1001,2062
147,6148,"The service was a little slow , considering that were served by 3 people servers so the food was coming in a slow pace.",0,1.9,2022-04-01,1009,2009
148,6149,I give it 2 thumbs down,0,3.3,2022-07-31,1009,2087
149,6150,We watched our waiter pay a lot more attention to other tables and ignore us.,0,4.7,2021-06-20,1012,2012
150,6151,My fianc√© and I came in the middle of the day and we were greeted and seated right away.,1,1.1,2021-12-03,1007,2079
151,6152,This is a great restaurant at the Mandalay Bay.,1,1.1,2021-09-12,1005,2037
152,6153,We waited for forty five minutes in vain.,0,3.7,2021-06-18,1008,2077
153,6154,Crostini that came with the salad was stale.,0,1.6,2021-06-21,1004,2087
154,6155,Some highlights : Great quality nigiri here!,1,1.8,2021-07-08,1012,2078
155,6156,the staff is friendly and the joint is always clean.,1,2.7,2021-01-07,1008,2089
156,6157,this was a different cut than the piece the other day but still wonderful and tender s well as well flavored.,1,4.8,2022-10-24,1002,2031
157,6158,I ordered the Voodoo pasta and it was the first time I'd had really excellent pasta since going gluten free several years ago.,1,1.6,2022-11-21,1010,2061
158,6159,this place is good.,1,1.2,2022-07-28,1002,2089
159,6160,"Unfortunately, we must have hit the bakery on leftover day because everything we ordered was STALE.",0,3.2,2021-01-10,1010,2081
160,6161,I came back today since they relocated and still not impressed.,0,1.1,2021-06-18,1005,2004
161,6162,I was seated immediately.,1,2.0,2022-11-15,1004,2060
162,6163,"Their menu is diverse, and reasonably priced.",1,4.9,2022-07-02,1010,2044
163,6164,Avoid at all cost!,0,4.2,2022-01-09,1003,2056
164,6165,Restaurant is always full but never a wait.,1,2.0,2021-10-31,1006,2072
165,6166,DELICIOUS!!,1,1.4,2021-01-20,1003,2040
166,6167,This place is hands-down one of the best places to eat in the Phoenix metro area.,1,4.4,2021-12-04,1009,2039
167,6168,So don't go there if you are looking for good food...,0,1.7,2022-07-17,1010,2013
168,6169,I've never been treated so bad.,0,1.6,2021-11-03,1015,2098
169,6170,Bacon is hella salty.,1,2.8,2021-03-28,1005,2025
170,6171,"We also ordered the spinach and avocado salad, the ingredients were sad and the dressing literally had zero taste.",0,3.4,2021-08-23,1004,2035
171,6172,"This really is how Vegas fine dining used to be, right down to the menus handed to the ladies that have no prices listed.",1,4.5,2021-09-13,1014,2017
172,6173,The waitresses are very friendly.,1,2.5,2021-04-09,1007,2070
173,6174,"Lordy, the Khao Soi is a dish that is not to be missed for curry lovers!",1,3.6,2021-06-17,1012,2024
174,6175,Everything on the menu is terrific and we were also thrilled that they made amazing accommodations for our vegetarian daughter.,1,3.7,2021-07-06,1007,2041
175,6176,"Perhaps I caught them on an off night judging by the other reviews, but I'm not inspired to go back.",0,2.5,2021-04-21,1012,2005
176,6177,The service here leaves a lot to be desired.,0,1.6,2022-06-06,1001,2047
177,6178,"The atmosphere is modern and hip, while maintaining a touch of coziness.",1,3.2,2021-01-28,1010,2083
178,6179,"Not a weekly haunt, but definitely a place to come back to every once in a while.",1,3.4,2021-02-18,1009,2086
179,6180,We literally sat there for 20 minutes with no one asking to take our order.,0,2.5,2021-06-28,1014,2082
180,6181,"The burger had absolutely no flavor - the meat itself was totally bland, the burger was overcooked and there was no charcoal flavor.",0,3.6,2022-02-06,1006,2070
181,6182,I also decided not to send it back because our waitress looked like she was on the verge of having a heart attack.,0,4.4,2021-11-19,1014,2059
182,6183,I dressed up to be treated so rudely!,0,1.8,2022-08-26,1007,2097
183,6184,It was probably dirt.,0,3.7,2021-08-20,1008,2043
184,6185,"Love this place, hits the spot when I want something healthy but not lacking in quantity or flavor.",1,2.2,2021-02-06,1007,2067
185,6186,I ordered the Lemon raspberry ice cocktail which was also incredible.,1,1.9,2022-05-10,1007,2018
186,6187,"The food sucked, which we expected but it sucked more than we could have imagined.",0,1.3,2021-10-27,1004,2018
187,6188,Interesting decor.,1,3.7,2021-09-13,1005,2016
188,6189,What I really like there is the crepe station.,1,3.4,2022-04-23,1007,2069
189,6190,"Also were served hot bread and butter, and home made potato chips with bacon bits on top....very original and very good.",1,2.2,2021-05-10,1013,2046
190,6191,you can watch them preparing the delicious food!),1,3.5,2022-09-13,1015,2005
191,6192,Both of the egg rolls were fantastic.,1,1.0,2022-10-15,1011,2070
192,6193,"When my order arrived, one of the gyros was missing.",0,2.4,2021-08-07,1009,2098
193,6194,"I had a salad with the wings, and some ice cream for dessert and left feeling quite satisfied.",1,2.0,2021-03-07,1009,2032
194,6195,I'm not really sure how Joey's was voted best hot dog in the Valley by readers of Phoenix Magazine.,0,4.3,2021-04-15,1013,2091
195,6196,The best place to go for a tasty bowl of Pho!,1,4.0,2021-07-22,1013,2093
196,6197,The live music on Fridays totally blows.,0,4.6,2021-05-22,1002,2031
197,6198,I've never been more insulted or felt disrespected.,0,1.9,2021-12-21,1002,2082
198,6199,Very friendly staff.,1,2.9,2021-10-12,1004,2073
199,6200,It is worth the drive.,1,3.5,2021-03-24,1006,2036
200,6201,"I had heard good things about this place, but it exceeding every hope I could have dreamed of.",1,3.5,2022-05-20,1011,2079
201,6202,Food was great and so was the serivce!,1,2.7,2022-11-12,1006,2062
202,6203,The warm beer didn't help.,0,3.1,2022-09-30,1006,2067
203,6204,Great brunch spot.,1,1.6,2021-06-11,1001,2025
204,6205,Service is friendly and inviting.,1,2.4,2022-01-13,1011,2076
205,6206,Very good lunch spot.,1,2.1,2021-12-19,1009,2048
206,6207,I've lived here since 1979 and this was the first (and last) time I've stepped foot into this place.,0,2.4,2022-10-09,1003,2039
207,6208,The WORST EXPERIENCE EVER.,0,5.0,2022-11-13,1007,2041
208,6209,Must have been an off night at this place.,0,4.5,2022-09-13,1007,2028
209,6210,"The sides are delish - mixed mushrooms, yukon gold puree, white corn - beateous.",1,3.1,2022-01-25,1014,2059
210,6211,"If that bug never showed up I would have given a 4 for sure, but on the other side of the wall where this bug was climbing was the kitchen.",0,4.4,2021-03-28,1011,2024
211,6212,"For about 10 minutes, we we're waiting for her salad when we realized that it wasn't coming any time soon.",0,1.6,2022-07-11,1013,2027
212,6213,My friend loved the salmon tartar.,1,3.8,2022-07-28,1004,2099
213,6214,Won't go back.,0,4.7,2022-08-12,1006,2028
214,6215,Extremely Tasty!,1,1.5,2021-07-06,1004,2033
215,6216,Waitress was good though!,1,4.6,2021-05-15,1012,2060
216,6217,Soggy and not good.,0,1.7,2021-09-03,1003,2039
217,6218,The Jamaican mojitos are delicious.,1,4.4,2022-05-12,1012,2074
218,6219,Which are small and not worth the price.,0,4.5,2021-09-25,1010,2036
219,6220,- the food is rich so order accordingly.,1,3.5,2022-10-06,1004,2078
220,6221,"The shower area is outside so you can only rinse, not take a full shower, unless you don't mind being nude for everyone to see!",0,3.5,2021-10-18,1007,2045
221,6222,The service was a bit lacking.,0,4.4,2021-06-14,1008,2035
222,6223,"Lobster Bisque, Bussell Sprouts, Risotto, Filet ALL needed salt and pepper..and of course there is none at the tables.",0,3.3,2021-11-03,1009,2030
223,6224,Hopefully this bodes for them going out of business and someone who can cook can come in.,0,1.7,2022-04-24,1012,2011
224,6225,"It was either too cold, not enough flavor or just bad.",0,2.7,2021-05-17,1013,2075
225,6226,I loved the bacon wrapped dates.,1,3.8,2021-02-06,1007,2054
226,6227,This is an unbelievable BARGAIN!,1,2.4,2022-03-02,1012,2016
227,6228,The folks at Otto always make us feel so welcome and special.,1,4.9,2022-01-18,1006,2094
228,6229,"As for the ""mains,"" also uninspired.",0,2.3,2021-02-14,1009,2035
229,6230,This is the place where I first had pho and it was amazing!!,1,4.7,2022-06-08,1005,2014
230,6231,This wonderful experience made this place a must-stop whenever we are in town again.,1,1.0,2022-11-18,1013,2029
231,6232,"If the food isn't bad enough for you, then enjoy dealing with the world's worst/annoying drunk people.",0,3.3,2022-06-17,1005,2011
232,6233,Very very fun chef.,1,1.3,2021-06-02,1013,2003
233,6234,"Ordered a double cheeseburger & got a single patty that was falling apart (picture uploaded) Yeah, still sucks.",0,2.6,2022-11-20,1002,2041
234,6235,Great place to have a couple drinks and watch any and all sporting events as the walls are covered with TV's.,1,2.7,2021-07-23,1015,2027
235,6236,"If it were possible to give them zero stars, they'd have it.",0,3.8,2021-05-09,1003,2090
236,6237,"The descriptions said ""yum yum sauce"" and another said ""eel sauce"", yet another said ""spicy mayo""...well NONE of the rolls had sauces on them.",0,1.6,2022-11-17,1009,2041
237,6238,"I'd say that would be the hardest decision... Honestly, all of M's dishes taste how they are supposed to taste (amazing).",1,3.8,2021-07-19,1002,2035
238,6239,If she had not rolled the eyes we may have stayed... Not sure if we will go back and try it again.,0,3.8,2022-03-13,1013,2031
239,6240,"Everyone is very attentive, providing excellent customer service.",1,4.6,2022-07-22,1005,2056
240,6241,Horrible - don't waste your time and money.,0,4.8,2021-12-28,1007,2096
241,6242,Now this dish was quite flavourful.,1,2.3,2021-03-18,1001,2081
242,6243,By this time our side of the restaurant was almost empty so there was no excuse.,0,4.9,2022-04-29,1011,2098
243,6244,"(It wasn't busy either) Also, the building was FREEZING cold.",0,1.3,2021-01-30,1005,2019
244,6245,"like the other reviewer said ""you couldn't pay me to eat at this place again.""",0,4.3,2021-01-15,1002,2020
245,6246,-Drinks took close to 30 minutes to come out at one point.,0,2.6,2021-04-10,1015,2025
246,6247,"Seriously flavorful delights, folks.",1,1.8,2022-10-02,1015,2048
247,6248,Much better than the other AYCE sushi place I went to in Vegas.,1,1.1,2021-01-24,1006,2094
248,6249,The lighting is just dark enough to set the mood.,1,2.6,2021-09-01,1006,2042
249,6250,Based on the sub-par service I received and no effort to show their gratitude for my business I won't be going back.,0,4.7,2022-11-24,1001,2001
250,6251,Owner's are really great people.!,1,2.0,2021-10-17,1005,2048
251,6252,There is nothing privileged about working/eating there.,0,1.4,2021-07-15,1004,2008
252,6253,The Greek dressing was very creamy and flavorful.,1,4.6,2022-08-04,1011,2067
253,6254,"Overall, I don't think that I would take my parents to this place again because they made most of the similar complaints that I silently felt too.",0,3.3,2022-06-06,1010,2035
254,6255,Now the pizza itself was good the peanut sauce was very tasty.,1,1.5,2022-04-14,1008,2002
255,6256,We had 7 at our table and the service was pretty fast.,1,1.7,2021-05-01,1013,2032
256,6257,Fantastic service here.,1,1.3,2021-06-04,1007,2070
257,6258,I as well would've given godfathers zero stars if possible.,0,1.9,2021-01-07,1013,2063
258,6259,They know how to make them here.,1,1.6,2022-09-11,1003,2048
259,6260,very tough and very short on flavor!,0,1.6,2022-08-09,1015,2011
260,6261,I hope this place sticks around.,1,3.1,2021-09-27,1003,2062
261,6262,"I have been in more than a few bars in Vegas, and do not ever recall being charged for tap water.",0,2.0,2022-08-26,1004,2038
262,6263,The restaurant atmosphere was exquisite.,1,3.9,2021-04-15,1014,2012
263,6264,"Good service, very clean, and inexpensive, to boot!",1,2.6,2021-03-14,1004,2062
264,6265,The seafood was fresh and generous in portion.,1,2.0,2022-02-16,1010,2049
265,6266,"Plus, it's only 8 bucks.",1,3.9,2021-04-21,1008,2010
266,6267,"The service was not up to par, either.",0,4.1,2021-06-16,1010,2019
267,6268,"Thus far, have only visited twice and the food was absolutely delicious each time.",1,3.8,2021-11-29,1010,2020
268,6269,Just as good as when I had it more than a year ago!,1,2.2,2022-11-13,1012,2033
269,6270,"For a self proclaimed coffee cafe, I was wildly disappointed.",0,3.8,2022-10-15,1013,2070
270,6271,The Veggitarian platter is out of this world!,1,1.7,2022-08-11,1003,2048
271,6272,You cant go wrong with any of the food here.,1,2.9,2021-12-20,1006,2057
272,6273,You can't beat that.,1,4.1,2022-07-27,1002,2016
273,6274,"Stopped by this place while in Madison for the Ironman, very friendly, kind staff.",1,3.3,2022-03-09,1003,2053
274,6275,The chefs were friendly and did a good job.,1,4.4,2021-04-24,1015,2066
275,6276,"I've had better, not only from dedicated boba tea spots, but even from Jenni Pho.",0,3.7,2021-04-14,1014,2067
276,6277,I liked the patio and the service was outstanding.,1,3.5,2021-02-18,1008,2096
277,6278,The goat taco didn't skimp on the meat and wow what FLAVOR!,1,4.2,2022-07-13,1003,2085
278,6279,I think not again,0,3.7,2022-01-27,1009,2015
279,6280,I had the mac salad and it was pretty bland so I will not be getting that again.,0,2.8,2021-01-26,1002,2015
280,6281,I went to Bachi Burger on a friend's recommendation and was not disappointed.,1,2.1,2022-07-24,1013,2045
281,6282,Service stinks here!,0,5.0,2021-01-25,1013,2016
282,6283,I waited and waited.,0,2.9,2021-06-16,1011,2001
283,6284,"This place is not quality sushi, it is not a quality restaurant.",0,2.1,2022-04-25,1010,2008
284,6285,I would definitely recommend the wings as well as the pizza.,1,4.5,2022-10-03,1005,2081
285,6286,Great Pizza and Salads!,1,2.8,2022-03-15,1012,2049
286,6287,Things that went wrong: - They burned the saganaki.,0,1.3,2022-01-20,1011,2049
287,6288,We waited an hour for what was a breakfast I could have done 100 times better at home.,0,2.6,2021-12-06,1010,2016
288,6289,This place is amazing!,1,2.1,2022-06-11,1003,2070
289,6290,"I hate to disagree with my fellow Yelpers, but my husband and I were so disappointed with this place.",0,1.5,2022-08-16,1004,2050
290,6291,Waited 2 hours & never got either of our pizzas as many other around us who came in later did!,0,2.0,2021-06-19,1003,2092
291,6292,Just don't know why they were so slow.,0,1.1,2021-06-16,1015,2070
292,6293,"The staff is great, the food is delish, and they have an incredible beer selection.",1,2.7,2021-12-10,1010,2025
293,6294,"I live in the neighborhood so I am disappointed I won't be back here, because it is a convenient location.",0,4.9,2022-02-21,1012,2093
294,6295,I didn't know pulled pork could be soooo delicious.,1,3.6,2021-07-02,1007,2085
295,6296,"You get incredibly fresh fish, prepared with care.",1,2.5,2022-02-05,1013,2048
296,6297,Before I go in to why I gave a 1 star rating please know that this was my third time eating at Bachi burger before writing a review.,0,2.2,2021-06-14,1005,2025
297,6298,I love the fact that everything on their menu is worth it.,1,4.8,2022-11-29,1014,2051
298,6299,Never again will I be dining at this place!,0,1.3,2021-09-23,1003,2088
299,6300,The food was excellent and service was very good.,1,3.6,2021-04-26,1014,2087
300,6301,Good beer & drink selection and good food selection.,1,1.6,2022-11-30,1005,2051
301,6302,Please stay away from the shrimp stir fried noodles.,0,3.1,2021-12-02,1003,2016
302,6303,The potato chip order was sad... I could probably count how many chips were in that box and it was probably around 12.,0,4.4,2022-03-12,1014,2055
303,6304,Food was really boring.,0,3.6,2022-02-07,1003,2013
304,6305,Good Service-check!,1,3.1,2021-10-24,1013,2032
305,6306,This greedy corporation will NEVER see another dime from me!,0,4.2,2022-03-24,1008,2058
306,6307,"Will never, ever go back.",0,3.2,2021-07-24,1010,2015
307,6308,"As much as I'd like to go back, I can't get passed the atrocious service and will never return.",0,3.5,2022-05-09,1007,2003
308,6309,"In the summer, you can dine in a charming outdoor patio - so very delightful.",1,3.8,2021-10-04,1001,2090
309,6310,I did not expect this to be so good!,1,1.5,2022-01-30,1011,2013
310,6311,Fantastic food!,1,4.0,2022-01-18,1006,2021
311,6312,She ordered a toasted English muffin that came out untoasted.,0,2.6,2021-06-26,1004,2054
312,6313,The food was very good.,1,4.6,2021-10-11,1012,2033
313,6314,Never going back.,0,4.3,2022-10-05,1006,2077
314,6315,"Great food for the price, which is very high quality and house made.",1,4.6,2021-04-26,1007,2079
315,6316,The bus boy on the other hand was so rude.,0,4.3,2021-08-27,1003,2034
316,6317,"By this point, my friends and I had basically figured out this place was a joke and didn't mind making it publicly and loudly known.",0,4.9,2021-03-22,1010,2010
317,6318,"Back to good BBQ, lighter fare, reasonable pricing and tell the public they are back to the old ways.",1,2.4,2021-09-02,1002,2082
318,6319,"And considering the two of us left there very full and happy for about $20, you just can't go wrong.",1,2.6,2022-06-03,1015,2057
319,6320,All the bread is made in-house!,1,1.7,2021-07-24,1013,2004
320,6321,The only downside is the service.,0,5.0,2021-12-06,1007,2046
321,6322,"Also, the fries are without a doubt the worst fries I've ever had.",0,2.6,2021-06-01,1003,2017
322,6323,Service was exceptional and food was a good as all the reviews.,1,2.7,2022-01-27,1008,2070
323,6324,"A couple of months later, I returned and had an amazing meal.",1,2.2,2021-04-25,1002,2016
324,6325,Favorite place in town for shawarrrrrrma!!!!!!,1,2.9,2021-10-27,1009,2049
325,6326,The black eyed peas and sweet potatoes... UNREAL!,1,3.3,2021-04-18,1003,2075
326,6327,You won't be disappointed.,1,4.2,2021-12-01,1003,2056
327,6328,"They could serve it with just the vinaigrette and it may make for a better overall dish, but it was still very good.",1,5.0,2022-01-17,1002,2054
328,6329,"I go to far too many places and I've never seen any restaurant that serves a 1 egg breakfast, especially for $4.00.",0,2.5,2021-03-16,1011,2077
329,6330,When my mom and I got home she immediately got sick and she only had a few bites of salad.,0,1.2,2022-09-21,1005,2099
330,6331,The servers are not pleasant to deal with and they don't always honor Pizza Hut coupons.,0,4.4,2022-11-29,1004,2087
331,6332,"Both of them were truly unbelievably good, and I am so glad we went back.",1,3.9,2021-12-29,1012,2062
332,6333,"We had fantastic service, and were pleased by the atmosphere.",1,4.6,2022-09-17,1006,2046
333,6334,Everything was gross.,0,1.4,2022-11-12,1003,2079
334,6335,I love this place.,1,1.7,2021-01-19,1011,2065
335,6336,Great service and food.,1,2.6,2021-12-23,1003,2007
336,6337,First - the bathrooms at this location were dirty- Seat covers were not replenished & just plain yucky!!!,0,4.3,2022-05-24,1011,2045
337,6338,"The burger... I got the ""Gold Standard"" a $17 burger and was kind of disappointed.",0,1.0,2021-01-21,1003,2016
338,6339,"OMG, the food was delicioso!",1,1.4,2021-04-12,1013,2031
339,6340,There is nothing authentic about this place.,0,2.7,2022-06-22,1009,2094
340,6341,the spaghetti is nothing special whatsoever.,0,3.8,2021-07-17,1007,2027
341,6342,"Of all the dishes, the salmon was the best, but all were great.",1,1.0,2021-01-08,1005,2090
342,6343,The vegetables are so fresh and the sauce feels like authentic Thai.,1,2.2,2022-02-08,1011,2068
343,6344,It's worth driving up from Tucson!,1,1.4,2021-06-14,1006,2030
344,6345,The selection was probably the worst I've seen in Vegas.....there was none.,0,2.0,2021-02-20,1011,2083
345,6346,Pretty good beer selection too.,1,2.1,2021-10-30,1005,2070
346,6347,"This place is like Chipotle, but BETTER.",1,2.0,2022-10-12,1012,2004
347,6348,"Classy/warm atmosphere, fun and fresh appetizers, succulent steaks (Baseball steak!!!!!",1,1.3,2021-06-02,1009,2035
348,6349,5 stars for the brick oven bread app!,1,4.0,2021-01-20,1004,2001
349,6350,"I have eaten here multiple times, and each time the food was delicious.",1,4.9,2022-07-31,1003,2020
350,6351,We sat another ten minutes and finally gave up and left.,0,4.1,2022-07-22,1005,2009
351,6352,He was terrible!,0,4.4,2021-01-05,1014,2080
352,6353,Everyone is treated equally special.,1,1.2,2022-07-06,1001,2017
353,6354,It shouldn't take 30 min for pancakes and eggs.,0,1.8,2021-11-10,1001,2001
354,6355,It was delicious!!!,1,4.6,2022-04-27,1012,2046
355,6356,"On the good side, the staff was genuinely pleasant and enthusiastic - a real treat.",1,4.5,2022-03-18,1012,2009
356,6357,"Sadly, Gordon Ramsey's Steak is a place we shall sharply avoid during our next trip to Vegas.",0,1.2,2021-05-13,1005,2011
357,6358,As always the evening was wonderful and the food delicious!,1,1.0,2022-05-21,1012,2084
358,6359,Best fish I've ever had in my life!,1,1.0,2021-04-25,1015,2001
359,6360,(The bathroom is just next door and very nice.),1,1.3,2021-05-13,1001,2055
360,6361,The buffet is small and all the food they offered was BLAND.,0,1.2,2021-03-13,1002,2043
361,6362,This is an Outstanding little restaurant with some of the Best Food I have ever tasted.,1,1.6,2022-07-12,1011,2030
362,6363,Pretty cool I would say.,1,3.6,2021-01-20,1007,2033
363,6364,Definitely a turn off for me & i doubt I'll be back unless someone else is buying.,0,4.5,2022-09-14,1014,2038
364,6365,Server did a great job handling our large rowdy table.,1,4.3,2022-10-07,1009,2068
365,6366,"I find wasting food to be despicable, but this just wasn't food.",0,1.5,2022-01-17,1007,2088
366,6367,My wife had the Lobster Bisque soup which was lukewarm.,0,4.4,2022-10-27,1014,2068
367,6368,Would come back again if I had a sushi craving while in Vegas.,1,3.6,2021-01-14,1012,2047
368,6369,"The staff are great, the ambiance is great.",1,2.1,2022-09-11,1007,2066
369,6370,He deserves 5 stars.,1,2.0,2021-08-15,1009,2062
370,6371,I left with a stomach ache and felt sick the rest of the day.,0,4.2,2022-05-18,1015,2073
371,6372,They dropped more than the ball.,0,4.6,2021-08-31,1001,2063
372,6373,"The dining space is tiny, but elegantly decorated and comfortable.",1,1.8,2021-02-19,1001,2061
373,6374,"They will customize your order any way you'd like, my usual is Eggplant with Green Bean stir fry, love it!",1,2.7,2022-10-10,1002,2049
374,6375,And the beans and rice were mediocre at best.,0,1.4,2022-10-21,1009,2067
375,6376,Best tacos in town by far!!,1,2.8,2022-02-08,1009,2040
376,6377,I took back my money and got outta there.,0,2.4,2021-04-06,1002,2040
377,6378,"In an interesting part of town, this place is amazing.",1,1.1,2021-06-04,1006,2036
378,6379,RUDE & INCONSIDERATE MANAGEMENT.,0,1.3,2021-12-16,1007,2058
379,6380,"The staff are now not as friendly, the wait times for being served are horrible, no one even says hi for the first 10 minutes.",0,4.2,2021-07-21,1010,2033
380,6381,I won't be back.,0,2.2,2022-05-10,1015,2029
381,6382,They have great dinners.,1,4.7,2021-12-21,1002,2018
382,6383,The service was outshining & I definitely recommend the Halibut.,1,1.9,2022-10-06,1006,2072
383,6384,The food was terrible.,0,2.2,2021-03-10,1007,2093
384,6385,WILL NEVER EVER GO BACK AND HAVE TOLD MANY PEOPLE WHAT HAD HAPPENED.,0,2.5,2022-08-24,1002,2088
385,6386,I don't recommend unless your car breaks down in front of it and you are starving.,0,2.3,2021-01-29,1015,2009
386,6387,I will come back here every time I'm in Vegas.,1,2.0,2022-07-08,1014,2024
387,6388,This place deserves one star and 90% has to do with the food.,0,4.6,2022-02-10,1003,2040
388,6389,This is a disgrace.,0,3.5,2022-09-01,1004,2084
389,6390,Def coming back to bowl next time,1,4.8,2022-02-23,1002,2073
390,6391,"If you want healthy authentic or ethic food, try this place.",1,2.1,2022-03-28,1011,2072
391,6392,I will continue to come here on ladies night andddd date night ... highly recommend this place to anyone who is in the area.,1,3.5,2021-05-27,1001,2086
392,6393,"I have been here several times in the past, and the experience has always been great.",1,2.5,2022-07-25,1010,2064
393,6394,We walked away stuffed and happy about our first Vegas buffet experience.,1,2.2,2021-03-01,1013,2022
394,6395,Service was excellent and prices are pretty reasonable considering this is Vegas and located inside the Crystals shopping mall by Aria.,1,1.2,2021-02-25,1001,2003
395,6396,"To summarize... the food was incredible, nay, transcendant... but nothing brings me joy quite like the memory of the pneumatic condiment dispenser.",1,1.9,2021-10-19,1013,2073
396,6397,I'm probably one of the few people to ever go to Ians and not like it.,0,2.2,2022-08-30,1013,2094
397,6398,Kids pizza is always a hit too with lots of great side dish options for the kiddos!,1,1.5,2022-09-23,1011,2037
398,6399,Service is perfect and the family atmosphere is nice to see.,1,4.6,2022-09-26,1013,2024
399,6400,Cooked to perfection and the service was impeccable.,1,3.8,2021-12-05,1012,2004
400,6401,This one is simply a disappointment.,0,4.8,2022-09-24,1009,2078
401,6402,"Overall, I was very disappointed with the quality of food at Bouchon.",0,4.0,2021-11-02,1011,2018
402,6403,I don't have to be an accountant to know I'm getting screwed!,0,3.6,2022-10-07,1007,2055
403,6404,"Great place to eat, reminds me of the little mom and pop shops in the San Francisco Bay Area.",1,4.1,2022-05-25,1010,2093
404,6405,Today was my first taste of a Buldogis Gourmet Hot Dog and I have to tell you it was more than I ever thought possible.,1,2.2,2022-07-19,1007,2084
405,6406,Left very frustrated.,0,4.4,2022-03-25,1011,2064
406,6407,I'll definitely be in soon again.,1,4.3,2022-07-14,1015,2046
407,6408,Food was really good and I got full petty fast.,1,4.8,2021-04-11,1013,2036
408,6409,Service was fantastic.,1,4.2,2022-10-11,1001,2096
409,6410,TOTAL WASTE OF TIME.,0,4.5,2022-10-26,1006,2066
410,6411,I don't know what kind it is but they have the best iced tea.,1,3.2,2022-07-12,1004,2057
411,6412,"Come hungry, leave happy and stuffed!",1,1.9,2021-12-29,1010,2083
412,6413,"For service, I give them no stars.",0,3.1,2022-11-05,1003,2077
413,6414,I can assure you that you won't be disappointed.,1,2.6,2021-12-06,1015,2070
414,6415,I can take a little bad service but the food sucks.,0,4.0,2022-09-23,1013,2007
415,6416,Gave up trying to eat any of the crust (teeth still sore).,0,1.6,2022-05-05,1011,2029
416,6417,But now I was completely grossed out.,0,3.3,2022-09-10,1005,2085
417,6418,I really enjoyed eating here.,1,5.0,2022-07-02,1009,2007
418,6419,First time going but I think I will quickly become a regular.,1,2.0,2021-02-19,1011,2020
419,6420,"Our server was very nice, and even though he looked a little overwhelmed with all of our needs, he stayed professional and friendly until the end.",1,1.4,2021-06-20,1003,2091
420,6421,From what my dinner companions told me...everything was very fresh with nice texture and taste.,1,1.4,2021-08-18,1007,2044
421,6422,"On the ground, right next to our table was a large, smeared, been-stepped-in-and-tracked-everywhere pile of green bird poop.",0,4.6,2021-04-18,1011,2090
422,6423,"Furthermore, you can't even find hours of operation on the website!",0,5.0,2021-12-16,1005,2096
423,6424,We've tried to like this place but after 10+ times I think we're done with them.,0,4.4,2021-03-09,1001,2029
424,6425,What a mistake that was!,0,1.8,2022-09-24,1005,2076
425,6426,No complaints!,1,4.1,2021-08-11,1005,2048
426,6427,This is some seriously good pizza and I'm an expert/connisseur on the topic.,1,3.5,2021-10-26,1006,2009
427,6428,Waiter was a jerk.,0,2.3,2021-09-21,1007,2035
428,6429,"Strike 2, who wants to be rushed.",0,2.8,2022-01-04,1003,2021
429,6430,These are the nicest restaurant owners I've ever come across.,1,4.2,2022-04-03,1014,2094
430,6431,I never come again.,0,4.9,2021-11-07,1002,2047
431,6432,We loved the biscuits!!!,1,1.0,2022-07-19,1013,2061
432,6433,Service is quick and friendly.,1,1.7,2022-08-17,1006,2081
433,6434,Ordered an appetizer and took 40 minutes and then the pizza another 10 minutes.,0,3.7,2022-01-04,1007,2044
434,6435,So absolutley fantastic.,1,1.5,2022-01-17,1014,2072
435,6436,It was a huge awkward 1.5lb piece of cow that was 3/4ths gristle and fat.,0,1.5,2022-07-30,1015,2016
436,6437,definitely will come back here again.,1,4.6,2021-06-26,1011,2038
437,6438,I like Steiners because it's dark and it feels like a bar.,1,4.6,2022-09-07,1008,2015
438,6439,Wow very spicy but delicious.,1,4.8,2021-02-12,1004,2087
439,6440,"If you're not familiar, check it out.",1,3.5,2022-03-05,1005,2022
440,6441,I'll take my business dinner dollars elsewhere.,0,3.9,2022-01-25,1014,2062
441,6442,I'd love to go back.,1,1.0,2022-11-18,1011,2071
442,6443,"Anyway, this FS restaurant has a wonderful breakfast/lunch.",1,4.0,2021-05-19,1004,2047
443,6444,Nothing special.,0,1.2,2021-05-03,1012,2007
444,6445,Each day of the week they have a different deal and it's all so delicious!,1,4.5,2021-03-31,1002,2068
445,6446,"Not to mention the combination of pears, almonds and bacon is a big winner!",1,4.2,2022-08-28,1009,2006
446,6447,Will not be back.,0,4.6,2022-08-01,1001,2075
447,6448,Sauce was tasteless.,0,1.9,2021-02-26,1004,2099
448,6449,"The food is delicious and just spicy enough, so be sure to ask for spicier if you prefer it that way.",1,3.8,2022-06-26,1004,2071
449,6450,My ribeye steak was cooked perfectly and had great mesquite flavor.,1,3.7,2022-03-15,1014,2027
450,6451,I don't think we'll be going back anytime soon.,0,1.3,2021-06-18,1002,2084
451,6452,Food was so gooodd.,1,3.2,2021-01-22,1001,2007
452,6453,I am far from a sushi connoisseur but I can definitely tell the difference between good food and bad food and this was certainly bad food.,0,4.1,2022-02-04,1012,2008
453,6454,I was so insulted.,0,3.1,2022-10-07,1006,2029
454,6455,The last 3 times I had lunch here has been bad.,0,1.5,2022-06-01,1013,2011
455,6456,The chicken wings contained the driest chicken meat I have ever eaten.,0,3.8,2021-07-06,1002,2019
456,6457,"The food was very good and I enjoyed every mouthful, an enjoyable relaxed venue for couples small family groups etc.",1,4.5,2021-09-14,1007,2054
457,6458,Nargile - I think you are great.,1,1.1,2022-07-26,1015,2068
458,6459,Best tater tots in the southwest.,1,2.9,2022-05-22,1011,2032
459,6460,We loved the place.,1,4.8,2022-01-07,1015,2060
460,6461,Definitely not worth the $3 I paid.,0,1.5,2021-10-13,1007,2026
461,6462,The vanilla ice cream was creamy and smooth while the profiterole (choux) pastry was fresh enough.,1,1.1,2022-04-12,1008,2086
462,6463,Im in AZ all the time and now have my new spot.,1,2.5,2022-06-04,1013,2053
463,6464,The manager was the worst.,0,2.5,2021-05-21,1007,2079
464,6465,The inside is really quite nice and very clean.,1,2.4,2021-02-17,1015,2057
465,6466,The food was outstanding and the prices were very reasonable.,1,2.4,2022-04-12,1014,2038
466,6467,I don't think I'll be running back to Carly's anytime soon for food.,0,2.7,2021-11-11,1005,2095
467,6468,"This is was due to the fact that it took 20 minutes to be acknowledged, then another 35 minutes to get our food...and they kept forgetting things.",0,4.2,2021-12-20,1005,2040
468,6469,"Love the margaritas, too!",1,2.3,2022-01-29,1012,2039
469,6470,This was my first and only Vegas buffet and it did not disappoint.,1,3.2,2021-03-28,1004,2059
470,6471,"Very good, though!",1,2.9,2021-07-06,1015,2038
471,6472,The one down note is the ventilation could use some upgrading.,0,1.2,2021-01-09,1002,2073
472,6473,Great pork sandwich.,1,3.6,2021-11-27,1009,2072
473,6474,Don't waste your time here.,0,4.5,2022-11-01,1010,2022
474,6475,"Total letdown, I would much rather just go to the Camelback Flower Shop and Cartel Coffee.",0,3.5,2021-04-30,1009,2024
475,6476,"Third, the cheese on my friend's burger was cold.",0,3.9,2022-05-30,1012,2019
476,6477,We enjoy their pizza and brunch.,1,2.1,2021-09-13,1014,2076
477,6478,The steaks are all well trimmed and also perfectly cooked.,1,3.5,2021-08-13,1008,2075
478,6479,We had a group of 70+ when we claimed we would only have 40 and they handled us beautifully.,1,4.3,2021-11-17,1015,2030
479,6480,I LOVED it!,1,1.3,2022-02-03,1003,2016
480,6481,We asked for the bill to leave without eating and they didn't bring that either.,0,2.0,2022-08-15,1013,2040
481,6482,"This place is a jewel in Las Vegas, and exactly what I've been hoping to find in nearly ten years living here.",1,3.1,2022-05-16,1012,2082
482,6483,Seafood was limited to boiled shrimp and crab legs but the crab legs definitely did not taste fresh.,0,1.9,2021-10-22,1005,2011
483,6484,The selection of food was not the best.,0,3.6,2021-10-17,1015,2087
484,6485,Delicious and I will absolutely be back!,1,1.8,2021-10-16,1002,2012
485,6486,"This isn't a small family restaurant, this is a fine dining establishment.",1,1.8,2021-01-24,1015,2036
486,6487,They had a toro tartare with a cavier that was extraordinary and I liked the thinly sliced wagyu with white truffle.,1,1.3,2022-10-04,1014,2098
487,6488,I dont think I will be back for a very long time.,0,4.4,2021-02-26,1015,2044
488,6489,"It was attached to a gas station, and that is rarely a good sign.",0,2.8,2022-01-28,1009,2091
489,6490,How awesome is that.,1,3.7,2021-01-06,1010,2020
490,6491,I will be back many times soon.,1,2.4,2021-12-16,1015,2066
491,6492,The menu had so much good stuff on it i could not decide!,1,1.8,2021-08-01,1002,2045
492,6493,"Worse of all, he humiliated his worker right in front of me..Bunch of horrible name callings.",0,1.3,2022-02-13,1013,2056
493,6494,CONCLUSION: Very filling meals.,1,3.0,2021-06-01,1009,2038
494,6495,Their daily specials are always a hit with my group.,1,2.5,2021-01-01,1015,2003
495,6496,And then tragedy struck.,0,4.4,2022-10-05,1012,2067
496,6497,The pancake was also really good and pretty large at that.,1,2.8,2022-01-31,1004,2081
497,6498,"This was my first crawfish experience, and it was delicious!",1,4.2,2021-06-14,1004,2034
498,6499,Their monster chicken fried steak and eggs is my all time favorite.,1,1.9,2022-08-03,1003,2023
499,6500,Waitress was sweet and funny.,1,3.9,2021-04-09,1006,2050
500,6501,"I also had to taste my Mom's multi-grain pumpkin pancakes with pecan butter and they were amazing, fluffy, and delicious!",1,1.2,2022-07-16,1014,2002
501,6502,"I'd rather eat airline food, seriously.",0,3.0,2021-07-17,1008,2004
502,6503,Cant say enough good things about this place.,1,4.2,2022-06-26,1010,2093
503,6504,The ambiance was incredible.,1,2.9,2021-01-04,1004,2063
504,6505,The waitress and manager are so friendly.,1,4.2,2022-08-25,1012,2070
505,6506,I would not recommend this place.,0,3.8,2021-06-21,1003,2026
506,6507,Overall I wasn't very impressed with Noca.,0,3.5,2022-07-12,1013,2074
507,6508,My gyro was basically lettuce only.,0,5.0,2021-10-19,1010,2025
508,6509,Terrible service!,0,2.9,2022-06-26,1015,2034
509,6510,Thoroughly disappointed!,0,3.3,2022-04-30,1010,2026
510,6511,"I don't each much pasta, but I love the homemade /hand made pastas and thin pizzas here.",1,4.9,2022-08-05,1014,2092
511,6512,"Give it a try, you will be happy you did.",1,3.8,2022-10-19,1002,2016
512,6513,By far the BEST cheesecurds we have ever had!,1,1.3,2021-10-02,1015,2064
513,6514,Reasonably priced also!,1,3.1,2022-01-13,1013,2047
514,6515,Everything was perfect the night we were in.,1,3.5,2022-06-16,1008,2079
515,6516,The food is very good for your typical bar food.,1,4.6,2021-04-11,1006,2020
516,6517,it was a drive to get there.,0,4.5,2021-11-06,1011,2068
517,6518,"At first glance it is a lovely bakery cafe - nice ambiance, clean, friendly staff.",1,1.3,2022-10-05,1005,2001
518,6519,"Anyway, I do not think i will go back there.",0,2.4,2021-10-22,1004,2038
519,6520,"Point your finger at any item on the menu, order it and you won't be disappointed.",1,1.5,2021-07-16,1008,2023
520,6521,"Oh this is such a thing of beauty, this restaurant.",1,4.3,2021-09-17,1012,2062
521,6522,If you haven't gone here GO NOW!,1,2.8,2021-06-20,1003,2015
522,6523,"A greasy, unhealthy meal.",0,3.2,2022-08-11,1003,2049
523,6524,first time there and might just be the last.,0,2.4,2021-11-16,1003,2064
524,6525,Those burgers were amazing.,1,1.9,2022-01-19,1006,2011
525,6526,"Similarly, the delivery man did not say a word of apology when our food was 45 minutes late.",0,2.5,2021-05-31,1012,2028
526,6527,And it was way to expensive.,0,1.5,2022-05-16,1014,2050
527,6528,"Be sure to order dessert, even if you need to pack it to-go - the tiramisu and cannoli are both to die for.",1,3.3,2021-01-18,1006,2097
528,6529,This was my first time and I can't wait until the next.,1,2.4,2022-11-23,1001,2071
529,6530,The bartender was also nice.,1,3.9,2021-09-14,1010,2038
530,6531,Everything was good and tasty!,1,3.1,2022-04-09,1013,2048
531,6532,This place is two thumbs up....way up.,1,3.8,2021-10-22,1006,2027
532,6533,"The best place in Vegas for breakfast (just check out a Sat, or Sun.",1,3.5,2021-01-01,1009,2054
533,6534,"If you love authentic Mexican food and want a whole bunch of interesting, yet delicious meats to choose from, you need to try this place.",1,2.1,2022-04-06,1003,2084
534,6535,Terrible management.,0,2.4,2022-01-21,1001,2030
535,6536,An excellent new restaurant by an experienced Frenchman.,1,4.8,2021-07-26,1008,2086
536,6537,If there were zero stars I would give it zero stars.,0,4.6,2021-03-31,1010,2050
537,6538,"Great steak, great sides, great wine, amazing desserts.",1,4.1,2022-06-29,1007,2063
538,6539,Worst martini ever!,0,3.6,2022-11-26,1014,2099
539,6540,The steak and the shrimp are in my opinion the best entrees at GC.,1,4.4,2021-08-30,1008,2099
540,6541,I had the opportunity today to sample your amazing pizzas!,1,1.3,2022-11-13,1001,2094
541,6542,We waited for thirty minutes to be seated (although there were 8 vacant tables and we were the only folks waiting).,0,4.4,2022-07-31,1007,2022
542,6543,The yellowtail carpaccio was melt in your mouth fresh.,1,2.3,2021-06-30,1008,2092
543,6544,I won't try going back there even if it's empty.,0,2.5,2021-03-19,1002,2008
544,6545,"No, I'm going to eat the potato that I found some strangers hair in it.",0,2.4,2022-07-15,1004,2057
545,6546,Just spicy enough.. Perfect actually.,1,2.7,2022-11-29,1012,2055
546,6547,Last night was my second time dining here and I was so happy I decided to go back!,1,3.9,2021-09-15,1002,2043
547,6548,"not even a ""hello, we will be right with you.""",0,2.9,2021-09-22,1002,2039
548,6549,The desserts were a bit strange.,0,2.5,2021-03-14,1003,2001
549,6550,My boyfriend and I came here for the first time on a recent trip to Vegas and could not have been more pleased with the quality of food and service.,1,2.9,2021-11-30,1003,2023
550,6551,"I really do recommend this place, you can go wrong with this donut place!",1,1.0,2021-03-23,1012,2056
551,6552,Nice ambiance.,1,4.4,2021-09-05,1003,2070
552,6553,I would recommend saving room for this!,1,4.2,2021-04-28,1002,2035
553,6554,I guess maybe we went on an off night but it was disgraceful.,0,3.0,2022-09-23,1003,2043
554,6555,"However, my recent experience at this particular location was not so good.",0,4.0,2022-02-20,1001,2035
555,6556,"I know this is not like the other restaurants at all, something is very off here!",0,2.3,2021-01-19,1013,2053
556,6557,AVOID THIS ESTABLISHMENT!,0,2.9,2021-08-13,1001,2030
557,6558,I think this restaurant suffers from not trying hard enough.,0,2.2,2022-04-09,1009,2040
558,6559,All of the tapas dishes were delicious!,1,4.4,2021-01-27,1004,2035
559,6560,I *heart* this place.,1,1.1,2021-08-10,1011,2029
560,6561,My salad had a bland vinegrette on the baby greens and hearts of Palm.,0,3.4,2021-04-23,1004,2076
561,6562,After two I felt disgusting.,0,3.0,2022-08-26,1004,2011
562,6563,A good time!,1,1.3,2021-04-24,1012,2002
563,6564,I believe that this place is a great stop for those with a huge belly and hankering for sushi.,1,4.5,2022-09-26,1015,2069
564,6565,Generous portions and great taste.,1,3.3,2021-06-15,1015,2016
565,6566,I will never go back to this place and will never ever recommended this place to anyone!,0,5.0,2022-06-03,1013,2029
566,6567,"The servers went back and forth several times, not even so much as an ""Are you being helped?""",0,1.9,2021-07-27,1001,2042
567,6568,Food was delicious!,1,2.2,2021-12-20,1005,2089
568,6569,AN HOUR... seriously?,0,4.0,2021-06-24,1006,2051
569,6570,I consider this theft.,0,3.5,2022-04-24,1008,2044
570,6571,Eew... This location needs a complete overhaul.,0,4.2,2021-10-01,1001,2043
571,6572,We recently witnessed her poor quality of management towards other guests as well.,0,3.4,2021-06-05,1010,2030
572,6573,Waited and waited and waited.,0,1.4,2021-04-19,1003,2053
573,6574,"He also came back to check on us regularly, excellent service.",1,4.4,2022-08-19,1007,2061
574,6575,Our server was super nice and checked on us many times.,1,3.4,2021-02-10,1003,2005
575,6576,"The pizza tasted old, super chewy in not a good way.",0,1.4,2021-09-04,1012,2062
576,6577,I swung in to give them a try but was deeply disappointed.,0,2.8,2021-07-06,1002,2048
577,6578,Service was good and the company was better!,1,3.1,2021-10-16,1015,2012
578,6579,The staff are also very friendly and efficient.,1,3.3,2021-01-23,1003,2097
579,6580,"As for the service: I'm a fan, because it's quick and you're being served by some nice folks.",1,4.6,2022-07-12,1012,2057
580,6581,Boy was that sucker dry!!.,0,3.1,2022-07-18,1012,2043
581,6582,Over rated.,0,3.2,2021-11-29,1001,2054
582,6583,"If you look for authentic Thai food, go else where.",0,3.6,2022-10-23,1003,2056
583,6584,Their steaks are 100% recommended!,1,3.9,2022-11-16,1005,2051
584,6585,After I pulled up my car I waited for another 15 minutes before being acknowledged.,0,3.4,2021-01-05,1004,2019
585,6586,Great food and great service in a clean and friendly setting.,1,2.4,2022-07-10,1010,2038
586,6587,"All in all, I can assure you I'll be back.",1,3.0,2021-03-23,1015,2035
587,6588,I hate those things as much as cheap quality black olives.,0,3.3,2021-12-22,1002,2048
588,6589,"My breakfast was perpared great, with a beautiful presentation of 3 giant slices of Toast, lightly dusted with powdered sugar.",1,2.7,2021-08-08,1006,2070
589,6590,The kids play area is NASTY!,0,3.2,2022-03-25,1004,2023
590,6591,Great place fo take out or eat in.,1,4.3,2022-01-06,1015,2090
591,6592,The waitress was friendly and happy to accomodate for vegan/veggie options.,1,2.1,2022-03-29,1001,2013
592,6593,OMG I felt like I had never eaten Thai food until this dish.,1,4.2,2022-01-16,1005,2074
593,6594,"It was extremely ""crumby"" and pretty tasteless.",0,2.1,2022-09-23,1008,2086
594,6595,It was a pale color instead of nice and char and has NO flavor.,0,4.7,2022-11-28,1011,2021
595,6596,The croutons also taste homemade which is an extra plus.,1,3.8,2022-06-10,1015,2078
596,6597,I got home to see the driest damn wings ever!,0,3.5,2021-04-13,1001,2043
597,6598,It'll be a regular stop on my trips to Phoenix!,1,2.9,2022-10-28,1007,2061
598,6599,I really enjoyed Crema Caf√© before they expanded. I even told friends they had the BEST breakfast.,1,1.8,2021-12-07,1014,2042
599,6600,Not good for the money.,0,1.8,2021-04-11,1006,2030
600,6601,I miss it and wish they had one in Philadelphia!,1,2.4,2021-11-06,1014,2076
601,6602,"We got sitting fairly fast, but, ended up waiting 40 minutes just to place our order, another 30 minutes before the food arrived.",0,3.8,2022-09-29,1005,2027
602,6603,They also have the best cheese crisp in town.,1,2.5,2021-04-22,1013,2099
603,6604,"Good value, great food, great service.",1,3.8,2022-09-26,1001,2067
604,6605,Couldn't ask for a more satisfying meal.,1,4.5,2021-02-28,1004,2047
605,6606,The food is good.,1,1.1,2022-04-01,1012,2011
606,6607,It was awesome.,1,4.7,2021-02-18,1013,2024
607,6608,I just wanted to leave.,0,4.2,2022-07-21,1010,2010
608,6609,We made the drive all the way from North Scottsdale... and I was not one bit disappointed!,1,1.7,2022-09-25,1004,2096
609,6610,I will not be eating there again.,0,3.7,2021-11-09,1005,2046
610,6611,!....THE OWNERS REALLY REALLY need to quit being soooooo cheap let them wrap my freaking sandwich in two papers not one!,0,3.1,2021-07-29,1006,2014
611,6612,I checked out this place a couple years ago and was not impressed.,0,1.6,2022-05-31,1007,2044
612,6613,"The chicken I got was definitely reheated and was only ok, the wedges were cold and soggy.",0,2.8,2021-06-26,1012,2031
613,6614,"Sorry, I will not be getting food from here anytime soon :(",0,2.1,2022-09-10,1011,2039
614,6615,An absolute must visit!,1,2.9,2022-01-28,1002,2045
615,6616,The cow tongue and cheek tacos are amazing.,1,4.6,2021-04-03,1007,2036
616,6617,My friend did not like his Bloody Mary.,0,3.0,2022-11-28,1012,2041
617,6618,"Despite how hard I rate businesses, its actually rare for me to give a 1 star.",0,3.4,2021-12-24,1004,2043
618,6619,They really want to make your experience a good one.,1,3.4,2021-07-07,1006,2069
619,6620,I will not return.,0,4.0,2022-11-23,1003,2082
620,6621,I had the chicken Pho and it tasted very bland.,0,3.7,2021-01-17,1012,2084
621,6622,Very disappointing!!!,0,2.3,2021-05-17,1005,2082
622,6623,The grilled chicken was so tender and yellow from the saffron seasoning.,1,3.5,2022-10-27,1002,2039
623,6624,"a drive thru means you do not want to wait around for half an hour for your food, but somehow when we end up going here they make us wait and wait.",0,4.1,2022-06-21,1005,2005
624,6625,Pretty awesome place.,1,3.1,2021-08-29,1011,2001
625,6626,Ambience is perfect.,1,2.7,2021-10-25,1015,2059
626,6627,Best of luck to the rude and non-customer service focused new management.,0,2.3,2022-04-18,1011,2095
627,6628,Any grandmother can make a roasted chicken better than this one.,0,1.6,2021-04-27,1009,2033
628,6629,I asked multiple times for the wine list and after some time of being ignored I went to the hostess and got one myself.,0,2.9,2022-10-18,1002,2020
629,6630,"The staff is always super friendly and helpful, which is especially cool when you bring two small boys and a baby!",1,3.8,2021-05-01,1001,2058
630,6631,Four stars for the food & the guy in the blue shirt for his great vibe & still letting us in to eat !,1,4.6,2021-04-21,1001,2073
631,6632,The roast beef sandwich tasted really good!,1,2.3,2021-01-21,1002,2047
632,6633,"Same evening, him and I are both drastically sick.",0,1.4,2022-03-20,1007,2014
633,6634,High-quality chicken on the chicken Caesar salad.,1,3.0,2021-09-23,1015,2012
634,6635,Ordered burger rare came in we'll done.,0,4.5,2021-04-22,1009,2091
635,6636,We were promptly greeted and seated.,1,2.1,2021-02-19,1012,2083
636,6637,Tried to go here for lunch and it was a madhouse.,0,2.6,2021-06-17,1009,2057
637,6638,"I was proven dead wrong by this sushi bar, not only because the quality is great, but the service is fast and the food, impeccable.",1,4.9,2022-04-08,1004,2021
638,6639,"After waiting an hour and being seated, I was not in the greatest of moods.",0,4.4,2021-07-20,1012,2022
639,6640,This is a good joint.,1,4.3,2022-05-16,1007,2036
640,6641,The Macarons here are insanely good.,1,3.7,2021-08-26,1010,2063
641,6642,I'm not eating here!,0,3.9,2022-06-28,1002,2026
642,6643,"Our waiter was very attentive, friendly, and informative.",1,3.0,2021-12-16,1014,2001
643,6644,Maybe if they weren't cold they would have been somewhat edible.,0,2.4,2021-05-24,1009,2097
644,6645,This place has a lot of promise but fails to deliver.,0,1.3,2022-05-12,1003,2013
645,6646,Very bad Experience!,0,4.0,2021-03-17,1012,2090
646,6647,What a mistake.,0,1.3,2021-05-10,1009,2042
647,6648,Food was average at best.,0,2.2,2022-10-09,1005,2031
648,6649,Great food.,1,3.0,2021-01-10,1013,2027
649,6650,We won't be going back anytime soon!,0,2.4,2022-11-06,1013,2056
650,6651,Very Very Disappointed ordered the $35 Big Bay Plater.,0,2.7,2021-09-15,1011,2006
651,6652,Great place to relax and have an awesome burger and beer.,1,3.3,2022-09-27,1006,2019
652,6653,It is PERFECT for a sit-down family meal or get together with a few friends.,1,2.1,2021-12-24,1014,2009
653,6654,"Not much flavor to them, and very poorly constructed.",0,3.0,2021-10-13,1008,2001
654,6655,The patio seating was very comfortable.,1,2.2,2021-11-23,1001,2006
655,6656,The fried rice was dry as well.,0,1.9,2021-01-25,1014,2072
656,6657,Hands down my favorite Italian restaurant!,1,4.1,2022-08-22,1001,2003
657,6658,"That just SCREAMS ""LEGIT"" in my book...somethat's also pretty rare here in Vegas.",1,1.8,2022-01-21,1005,2081
658,6659,It was just not a fun experience.,1,1.0,2022-05-30,1015,2046
659,6660,The atmosphere was great with a lovely duo of violinists playing songs we requested.,1,2.1,2021-07-12,1011,2005
660,6661,"I personally love the hummus, pita, baklava, falafels and Baba Ganoush (it's amazing what they do with eggplant!).",1,4.1,2021-11-28,1011,2039
661,6662,"Very convenient, since we were staying at the MGM!",1,2.6,2021-04-10,1004,2005
662,6663,The owners are super friendly and the staff is courteous.,1,3.7,2022-05-27,1011,2058
663,6664,Both great!,1,2.9,2022-09-11,1002,2075
664,6665,Eclectic selection.,1,1.2,2022-11-01,1005,2065
665,6666,The sweet potato tots were good but the onion rings were perfection or as close as I have had.,1,3.4,2021-12-30,1015,2038
666,6667,The staff was very attentive.,1,4.3,2021-07-22,1005,2005
667,6668,And the chef was generous with his time (even came around twice so we can take pictures with him).,1,3.7,2021-07-28,1008,2036
668,6669,"The owner used to work at Nobu, so this place is really similar for half the price.",1,2.9,2022-03-28,1006,2012
669,6670,Google mediocre and I imagine Smashburger will pop up.,0,4.3,2021-03-25,1004,2022
670,6671,dont go here.,0,5.0,2022-06-07,1013,2050
671,6672,I promise they won't disappoint.,1,3.7,2022-04-27,1010,2006
672,6673,As a sushi lover avoid this place by all means.,0,4.7,2022-03-15,1001,2015
673,6674,What a great double cheeseburger!,1,1.7,2021-02-12,1007,2073
674,6675,Awesome service and food.,1,3.8,2021-09-03,1014,2097
675,6676,A fantastic neighborhood gem !!!,1,1.9,2022-06-13,1010,2004
676,6677,I can't wait to go back.,1,3.6,2021-05-21,1012,2035
677,6678,The plantains were the worst I've ever tasted.,0,1.6,2021-03-15,1006,2091
678,6679,It's a great place and I highly recommend it.,1,2.5,2021-11-14,1003,2011
679,6680,Service was slow and not attentive.,0,1.5,2022-02-04,1002,2041
680,6681,"I gave it 5 stars then, and I'm giving it 5 stars now.",1,2.7,2022-11-03,1012,2037
681,6682,Your staff spends more time talking to themselves than me.,0,4.4,2022-08-06,1004,2007
682,6683,Dessert: Panna Cotta was amazing.,1,1.1,2021-04-04,1004,2015
683,6684,"Very good food, great atmosphere.1",1,2.5,2022-05-20,1002,2044
684,6685,Damn good steak.,1,1.1,2021-04-21,1008,2045
685,6686,Total brunch fail.,0,3.2,2021-04-13,1013,2020
686,6687,"Prices are very reasonable, flavors are spot on, the sauce is home made, and the slaw is not drenched in mayo.",1,3.5,2021-09-20,1010,2087
687,6688,"The decor is nice, and the piano music soundtrack is pleasant.",1,4.6,2021-06-22,1015,2033
688,6689,The steak was amazing...rge fillet relleno was the best seafood plate i have ever had!,1,2.4,2021-01-30,1003,2095
689,6690,"Good food , good service .",1,1.6,2021-03-20,1003,2063
690,6691,It was absolutely amazing.,1,5.0,2021-10-03,1008,2009
691,6692,"I probably won't be back, to be honest.",0,1.2,2021-01-04,1010,2083
692,6693,will definitely be back!,1,3.3,2021-02-03,1012,2010
693,6694,The sergeant pepper beef sandwich with auju sauce is an excellent sandwich as well.,1,4.9,2022-01-17,1008,2097
694,6695,"Hawaiian Breeze, Mango Magic, and Pineapple Delight are the smoothies that I've tried so far and they're all good.",1,1.5,2021-08-31,1002,2090
695,6696,Went for lunch - service was slow.,0,3.0,2022-06-29,1002,2058
696,6697,"We had so much to say about the place before we walked in that he expected it to be amazing, but was quickly disappointed.",0,3.7,2021-12-27,1004,2096
697,6698,I was mortified.,0,4.5,2022-07-06,1014,2094
698,6699,"Needless to say, we will never be back here again.",0,3.9,2022-01-25,1007,2003
699,6700,"Anyways, The food was definitely not filling at all, and for the price you pay you should expect more.",0,3.9,2021-07-22,1012,2059
700,6701,"The chips that came out were dripping with grease, and mostly not edible.",0,3.9,2021-04-10,1005,2044
701,6702,I wasn't really impressed with Strip Steak.,0,4.1,2022-10-18,1011,2077
702,6703,Have been going since 2007 and every meal has been awesome!!,1,2.9,2022-01-15,1009,2046
703,6704,Our server was very nice and attentive as were the other serving staff.,1,3.4,2021-07-12,1005,2002
704,6705,The cashier was friendly and even brought the food out to me.,1,2.9,2021-03-13,1004,2010
705,6706,I work in the hospitality industry in Paradise Valley and have refrained from recommending Cibo any longer.,0,2.0,2021-03-14,1015,2044
706,6707,The atmosphere here is fun.,1,2.4,2022-06-08,1011,2090
707,6708,Would not recommend to others.,0,4.9,2021-11-25,1013,2052
708,6709,"Service is quick and even ""to go"" orders are just like we like it!",1,4.1,2021-05-09,1004,2047
709,6710,"I mean really, how do you get so famous for your fish and chips when it's so terrible!?!",0,3.0,2022-10-10,1005,2054
710,6711,"That said, our mouths and bellies were still quite pleased.",1,4.7,2022-01-05,1001,2086
711,6712,Not my thing.,0,2.0,2022-01-01,1008,2065
712,6713,2 Thumbs Up!!,1,1.3,2021-08-20,1006,2086
713,6714,If you are reading this please don't go there.,0,3.4,2022-04-07,1011,2015
714,6715,"I loved the grilled pizza, reminded me of legit Italian pizza.",1,4.3,2021-08-30,1001,2022
715,6716,Only Pros : Large seating area/ Nice bar area/ Great simple drink menu/ The BEST brick oven pizza with homemade dough!,1,1.9,2021-03-01,1005,2097
716,6717,They have a really nice atmosphere.,1,1.1,2022-03-19,1011,2074
717,6718,Tonight I had the Elk Filet special...and it sucked.,0,3.6,2022-08-08,1003,2093
718,6719,"After one bite, I was hooked.",1,4.6,2021-03-21,1014,2031
719,6720,We ordered some old classics and some new dishes after going there a few times and were sorely disappointed with everything.,0,4.1,2021-03-21,1012,2030
720,6721,"Cute, quaint, simple, honest.",1,3.3,2022-09-21,1009,2009
721,6722,The chicken was deliciously seasoned and had the perfect fry on the outside and moist chicken on the inside.,1,3.4,2021-01-30,1009,2006
722,6723,"The food was great as always, compliments to the chef.",1,4.9,2022-10-28,1010,2027
723,6724,Special thanks to Dylan T. for the recommendation on what to order :) All yummy for my tummy.,1,2.2,2021-12-21,1011,2002
724,6725,Awesome selection of beer.,1,4.7,2021-02-03,1002,2097
725,6726,Great food and awesome service!,1,4.3,2022-06-26,1002,2081
726,6727,"One nice thing was that they added gratuity on the bill since our party was larger than 6 or 8, and they didn't expect more tip than that.",1,3.8,2021-03-28,1005,2043
727,6728,A FLY was in my apple juice.. A FLY!!!!!!!!,0,4.8,2021-01-16,1001,2047
728,6729,The Han Nan Chicken was also very tasty.,1,2.5,2022-11-28,1015,2085
729,6730,"As for the service, I thought it was good.",1,2.8,2021-06-22,1008,2089
730,6731,"The food was barely lukewarm, so it must have been sitting waiting for the server to bring it out to us.",0,3.2,2022-04-02,1009,2019
731,6732,Ryan's Bar is definitely one Edinburgh establishment I won't be revisiting.,0,4.9,2021-12-15,1011,2094
732,6733,Nicest Chinese restaurant I've been in a while.,1,2.2,2021-10-02,1008,2057
733,6734,"Overall, I like there food and the service.",1,2.3,2021-10-18,1003,2006
734,6735,They also now serve Indian naan bread with hummus and some spicy pine nut sauce that was out of this world.,1,1.5,2021-02-28,1002,2011
735,6736,"Probably never coming back, and wouldn't recommend it.",0,2.2,2022-11-03,1012,2051
736,6737,"Friend's pasta -- also bad, he barely touched it.",0,4.5,2022-08-14,1012,2042
737,6738,"Try them in the airport to experience some tasty food and speedy, friendly service.",1,3.7,2022-04-03,1014,2070
738,6739,I love the decor with the Chinese calligraphy wall paper.,1,1.0,2022-05-29,1014,2033
739,6740,Never had anything to complain about here.,1,5.0,2021-09-06,1009,2021
740,6741,The restaurant is very clean and has a family restaurant feel to it.,1,4.2,2021-04-28,1006,2080
741,6742,It was way over fried.,0,4.9,2022-05-05,1015,2032
742,6743,I'm not sure how long we stood there but it was long enough for me to begin to feel awkwardly out of place.,0,2.0,2022-01-05,1015,2013
743,6744,"When I opened the sandwich, I was impressed, but not in a good way.",0,3.7,2021-03-17,1012,2047
744,6745,Will not be back!,0,3.7,2022-04-03,1005,2056
745,6746,There was a warm feeling with the service and I felt like their guest for a special treat.,1,3.5,2021-05-01,1012,2086
746,6747,An extensive menu provides lots of options for breakfast.,1,1.1,2021-11-11,1007,2021
747,6748,"I always order from the vegetarian menu during dinner, which has a wide array of options to choose from.",1,1.9,2021-07-16,1010,2002
748,6749,"I have watched their prices inflate, portions get smaller and management attitudes grow rapidly!",0,4.0,2021-06-09,1004,2012
749,6750,Wonderful lil tapas and the ambience made me feel all warm and fuzzy inside.,1,4.0,2022-11-24,1003,2029
750,6751,"I got to enjoy the seafood salad, with a fabulous vinegrette.",1,4.8,2021-11-14,1009,2062
751,6752,"The wontons were thin, not thick and chewy, almost melt in your mouth.",1,3.6,2022-02-12,1003,2023
752,6753,"Level 5 spicy was perfect, where spice didn't over-whelm the soup.",1,1.8,2021-07-08,1007,2078
753,6754,We were sat right on time and our server from the get go was FANTASTIC!,1,2.3,2021-08-23,1010,2018
754,6755,"Main thing I didn't enjoy is that the crowd is of older crowd, around mid 30s and up.",0,3.0,2021-08-29,1006,2052
755,6756,"When I'm on this side of town, this will definitely be a spot I'll hit up again!",1,3.0,2022-05-14,1009,2073
756,6757,I had to wait over 30 minutes to get my drink and longer to get 2 arepas.,0,3.1,2021-09-13,1009,2090
757,6758,This is a GREAT place to eat!,1,4.7,2021-04-19,1011,2012
758,6759,The jalapeno bacon is soooo good.,1,4.5,2022-07-21,1011,2086
759,6760,The service was poor and thats being nice.,0,1.7,2022-02-12,1003,2037
760,6761,"Food was good, service was good, Prices were good.",1,3.0,2022-11-21,1002,2068
761,6762,The place was not clean and the food oh so stale!,0,2.7,2021-09-30,1009,2054
762,6763,"The chicken dishes are OK, the beef is like shoe leather.",0,3.5,2022-09-25,1002,2040
763,6764,But the service was beyond bad.,0,5.0,2021-05-22,1013,2014
764,6765,"I'm so happy to be here!!!""",1,3.4,2022-11-23,1001,2094
765,6766,Tasted like dirt.,0,3.6,2021-04-24,1006,2036
766,6767,One of the few places in Phoenix that I would definately go back to again .,1,1.3,2021-12-11,1007,2056
767,6768,The block was amazing.,1,4.2,2021-05-14,1005,2054
768,6769,"It's close to my house, it's low-key, non-fancy, affordable prices, good food.",1,5.0,2021-08-17,1010,2058
769,6770,* Both the Hot & Sour & the Egg Flower Soups were absolutely 5 Stars!,1,3.9,2021-10-27,1012,2082
770,6771,My sashimi was poor quality being soggy and tasteless.,0,1.2,2021-05-29,1006,2006
771,6772,Great time - family dinner on a Sunday night.,1,4.1,2022-06-14,1004,2038
772,6773,"the food is not tasty at all, not to say its ""real traditional Hunan style"".",0,2.4,2022-07-29,1006,2024
773,6774,"What did bother me, was the slow service.",0,1.7,2021-06-09,1005,2040
774,6775,The flair bartenders are absolutely amazing!,1,4.7,2021-04-07,1007,2004
775,6776,Their frozen margaritas are WAY too sugary for my taste.,0,2.3,2021-08-08,1009,2096
776,6777,These were so good we ordered them twice.,1,4.6,2022-02-17,1010,2057
777,6778,So in a nutshell: 1) The restaraunt smells like a combination of a dirty fish market and a sewer.,0,1.6,2021-07-15,1011,2096
778,6779,My girlfriend's veal was very bad.,0,4.5,2022-02-28,1010,2079
779,6780,"Unfortunately, it was not good.",0,4.0,2021-08-09,1003,2099
780,6781,I had a pretty satifying experience.,1,4.5,2022-08-11,1009,2076
781,6782,Join the club and get awesome offers via email.,1,3.0,2022-02-07,1010,2058
782,6783,"Perfect for someone (me) who only likes beer ice cold, or in this case, even colder.",1,1.3,2021-10-07,1002,2095
783,6784,Bland and flavorless is a good way of describing the barely tepid meat.,0,3.2,2022-10-13,1005,2036
784,6785,"The chains, which I'm no fan of, beat this place easily.",0,1.3,2022-07-29,1008,2003
785,6786,The nachos are a MUST HAVE!,1,4.3,2021-03-02,1002,2014
786,6787,We will not be coming back.,0,2.1,2021-02-05,1006,2024
787,6788,"I don't have very many words to say about this place, but it does everything pretty well.",1,3.9,2021-05-05,1003,2052
788,6789,"The staff is super nice and very quick even with the crazy crowds of the downtown juries, lawyers, and court staff.",1,1.4,2022-07-31,1007,2039
789,6790,"Great atmosphere, friendly and fast service.",1,2.6,2022-04-23,1008,2057
790,6791,When I received my Pita it was huge it did have a lot of meat in it so thumbs up there.,1,4.3,2022-01-18,1011,2017
791,6792,Once your food arrives it's meh.,0,2.5,2021-12-16,1005,2080
792,6793,Paying $7.85 for a hot dog and fries that looks like it came out of a kid's meal at the Wienerschnitzel is not my idea of a good meal.,0,3.6,2022-05-15,1011,2085
793,6794,The classic Maine Lobster Roll was fantastic.,1,3.0,2022-11-05,1015,2057
794,6795,"My brother in law who works at the mall ate here same day, and guess what he was sick all night too.",0,4.7,2022-10-31,1010,2040
795,6796,So good I am going to have to review this place twice - once hereas a tribute to the place and once as a tribute to an event held here last night.,1,1.9,2021-05-12,1012,2072
796,6797,"The chips and salsa were really good, the salsa was very fresh.",1,1.8,2021-04-08,1008,2088
797,6798,This place is great!!!!!!!!!!!!!!,1,2.0,2021-05-31,1015,2021
798,6799,Mediocre food.,0,2.9,2021-01-06,1014,2070
799,6800,Once you get inside you'll be impressed with the place.,1,2.3,2021-06-16,1012,2065
800,6801,I'm super pissd.,0,2.8,2021-02-25,1002,2061
801,6802,And service was super friendly.,1,4.3,2022-09-04,1007,2031
802,6803,Why are these sad little vegetables so overcooked?,0,1.4,2022-06-27,1006,2026
803,6804,This place was such a nice surprise!,1,4.3,2021-06-25,1012,2037
804,6805,They were golden-crispy and delicious.,1,1.3,2021-08-23,1005,2048
805,6806,"I had high hopes for this place since the burgers are cooked over a charcoal grill, but unfortunately the taste fell flat, way flat.",0,1.6,2022-07-12,1010,2057
806,6807,I could eat their bruschetta all day it is devine.,1,2.8,2021-02-15,1013,2054
807,6808,Not a single employee came out to see if we were OK or even needed a water refill once they finally served us our food.,0,2.5,2022-08-09,1008,2017
808,6809,"Lastly, the mozzarella sticks, they were the best thing we ordered.",1,1.8,2022-01-12,1009,2006
809,6810,"The first time I ever came here I had an amazing experience, I still tell people how awesome the duck was.",1,3.6,2021-04-02,1002,2048
810,6811,The server was very negligent of our needs and made us feel very unwelcome... I would not suggest this place!,0,2.4,2022-09-21,1009,2055
811,6812,The service was terrible though.,0,2.3,2022-01-15,1002,2048
812,6813,"This place is overpriced, not consistent with their boba, and it really is OVERPRICED!",0,1.2,2022-02-18,1001,2013
813,6814,It was packed!!,0,3.1,2022-11-08,1013,2008
814,6815,I love this place.,1,4.0,2022-06-05,1014,2011
815,6816,I can say that the desserts were yummy.,1,4.6,2022-08-09,1013,2048
816,6817,The food was terrible.,0,4.3,2021-10-03,1012,2039
817,6818,The seasonal fruit was fresh white peach puree.,1,3.2,2021-11-30,1005,2060
818,6819,It kept getting worse and worse so now I'm officially done.,0,1.4,2022-10-24,1005,2066
819,6820,This place should honestly be blown up.,0,1.2,2021-04-13,1001,2046
820,6821,But I definitely would not eat here again.,0,4.9,2021-10-21,1006,2065
821,6822,Do not waste your money here!,0,4.3,2022-03-16,1014,2012
822,6823,I love that they put their food in nice plastic containers as opposed to cramming it in little paper takeout boxes.,1,1.5,2022-02-17,1012,2080
823,6824,The cr√™pe was delicate and thin and moist.,1,3.8,2022-05-12,1014,2066
824,6825,Awful service.,0,4.6,2022-09-21,1005,2005
825,6826,Won't ever go here again.,0,1.3,2022-06-04,1003,2095
826,6827,Food quality has been horrible.,0,1.7,2022-05-15,1005,2009
827,6828,For that price I can think of a few place I would have much rather gone.,0,4.7,2021-05-27,1011,2050
828,6829,The service here is fair at best.,0,2.3,2021-09-29,1002,2046
829,6830,"I do love sushi, but I found Kabuki to be over-priced, over-hip and under-services.",0,1.6,2021-06-25,1008,2053
830,6831,Do yourself a favor and stay away from this dish.,0,1.8,2022-05-26,1015,2060
831,6832,Very poor service.,0,2.2,2021-02-01,1009,2006
832,6833,No one at the table thought the food was above average or worth the wait that we had for it.,0,2.8,2022-08-03,1014,2052
833,6834,"Best service and food ever, Maria our server was so good and friendly she made our day.",1,2.0,2022-04-07,1002,2059
834,6835,They were excellent.,1,4.4,2022-11-19,1007,2080
835,6836,I paid the bill but did not tip because I felt the server did a terrible job.,0,3.7,2021-12-29,1007,2039
836,6837,Just had lunch here and had a great experience.,1,1.6,2021-04-29,1013,2066
837,6838,I have never had such bland food which surprised me considering the article we read focused so much on their spices and flavor.,0,5.0,2022-09-14,1007,2087
838,6839,Food is way overpriced and portions are fucking small.,0,1.6,2022-11-27,1015,2018
839,6840,I recently tried Caballero's and I have been back every week since!,1,4.8,2022-07-14,1003,2005
840,6841,"for 40 bucks a head, i really expect better food.",0,3.4,2021-04-27,1008,2002
841,6842,The food came out at a good pace.,1,4.9,2021-07-20,1009,2085
842,6843,"I ate there twice on my last visit, and especially enjoyed the salmon salad.",1,5.0,2021-09-09,1003,2065
843,6844,I won't be back.,0,4.2,2021-01-01,1004,2071
844,6845,We could not believe how dirty the oysters were!,0,1.4,2022-01-19,1006,2030
845,6846,This place deserves no stars.,0,3.0,2022-05-02,1009,2068
846,6847,I would not recommend this place.,0,1.4,2021-11-28,1006,2074
847,6848,"In fact I'm going to round up to 4 stars, just because she was so awesome.",1,4.7,2021-02-23,1014,2028
848,6849,"To my disbelief, each dish qualified as the worst version of these foods I have ever tasted.",0,3.8,2022-06-12,1014,2086
849,6850,"Bad day or not, I have a very low tolerance for rude customer service people, it is your job to be nice and polite, wash dishes otherwise!!",0,1.2,2021-02-05,1014,2062
850,6851,the potatoes were great and so was the biscuit.,1,4.5,2022-02-15,1014,2082
851,6852,I probably would not go here again.,0,4.8,2021-08-22,1012,2040
852,6853,So flavorful and has just the perfect amount of heat.,1,3.6,2022-01-17,1014,2037
853,6854,The price is reasonable and the service is great.,1,1.7,2021-11-25,1004,2027
854,6855,"The Wife hated her meal (coconut shrimp), and our friends really did not enjoy their meals, either.",0,4.7,2021-01-10,1013,2070
855,6856,My fella got the huevos rancheros and they didn't look too appealing.,0,4.3,2022-07-18,1008,2035
856,6857,"Went in for happy hour, great list of wines.",1,1.3,2021-10-29,1009,2002
857,6858,Some may say this buffet is pricey but I think you get what you pay for and this place you are getting quite a lot!,1,4.0,2022-01-02,1015,2058
858,6859,I probably won't be coming back here.,0,2.9,2021-06-18,1014,2039
859,6860,Worst food/service I've had in a while.,0,3.8,2021-02-12,1015,2084
860,6861,"This place is pretty good, nice little vibe in the restaurant.",1,4.5,2022-04-08,1004,2018
861,6862,Talk about great customer service of course we will be back.,1,2.2,2021-01-15,1007,2063
862,6863,"Hot dishes are not hot, cold dishes are close to room temp.I watched staff prepare food with BARE HANDS, no gloves.Everything is deep fried in oil.",0,1.6,2022-11-26,1011,2039
863,6864,I love their fries and their beans.,1,2.5,2022-09-04,1008,2047
864,6865,Always a pleasure dealing with him.,1,1.2,2021-11-26,1008,2074
865,6866,"They have a plethora of salads and sandwiches, and everything I've tried gets my seal of approval.",1,4.4,2022-11-20,1015,2059
866,6867,This place is awesome if you want something light and healthy during the summer.,1,4.6,2022-01-08,1011,2008
867,6868,"For sushi on the Strip, this is the place to go.",1,4.1,2022-08-17,1008,2026
868,6869,"The service was great, even the manager came and helped with our table.",1,2.5,2022-10-12,1014,2067
869,6870,The feel of the dining room was more college cooking course than high class dining and the service was slow at best.,0,1.4,2022-07-16,1013,2027
870,6871,"I started this review with two stars, but I'm editing it to give it only one.",0,2.4,2022-06-03,1008,2051
871,6872,this is the worst sushi i have ever eat besides Costco's.,0,2.0,2021-07-24,1002,2008
872,6873,"All in all an excellent restaurant highlighted by great service, a unique menu, and a beautiful setting.",1,4.8,2022-05-27,1008,2006
873,6874,My boyfriend and i sat at the bar and had a completely delightful experience.,1,2.1,2022-01-15,1011,2090
874,6875,Weird vibe from owners.,0,3.1,2022-05-22,1011,2078
875,6876,There was hardly any meat.,0,4.1,2021-11-02,1006,2008
876,6877,I've had better bagels from the grocery store.,0,3.5,2022-09-10,1005,2039
877,6878,Go To Place for Gyros.,1,1.2,2022-10-01,1009,2044
878,6879,"I love the owner/chef, his one authentic Japanese cool dude!",1,1.7,2022-11-04,1007,2015
879,6880,"Now the burgers aren't as good, the pizza which used to be amazing is doughy and flavorless.",0,3.9,2021-01-12,1005,2033
880,6881,I found a six inch long piece of wire in my salsa.,0,4.5,2021-01-15,1001,2008
881,6882,"The service was terrible, food was mediocre.",0,3.0,2021-07-09,1013,2071
882,6883,We definately enjoyed ourselves.,1,3.5,2022-10-17,1006,2004
883,6884,I ordered Albondigas soup - which was just warm - and tasted like tomato soup with frozen meatballs.,0,4.9,2021-06-16,1012,2061
884,6885,"On three different occasions I asked for well done or medium well, and all three times I got the bloodiest piece of meat on my plate.",0,3.6,2022-06-11,1013,2035
885,6886,I had about two bites and refused to eat anymore.,0,3.0,2021-10-19,1001,2019
886,6887,The service was extremely slow.,0,1.3,2022-11-15,1009,2058
887,6888,"After 20 minutes wait, I got a table.",0,1.5,2021-10-28,1002,2027
888,6889,Seriously killer hot chai latte.,1,3.9,2021-04-06,1002,2094
889,6890,"No allergy warnings on the menu, and the waitress had absolutely no clue as to which meals did or did not contain peanuts.",0,3.4,2021-05-06,1012,2062
890,6891,My boyfriend tried the Mediterranean Chicken Salad and fell in love.,1,2.7,2022-11-18,1001,2061
891,6892,Their rotating beers on tap is also a highlight of this place.,1,1.6,2022-06-04,1012,2092
892,6893,Pricing is a bit of a concern at Mellow Mushroom.,0,2.8,2022-03-17,1013,2097
893,6894,Worst Thai ever.,0,3.0,2022-01-28,1011,2088
894,6895,If you stay in Vegas you must get breakfast here at least once.,1,2.8,2022-04-30,1003,2036
895,6896,I want to first say our server was great and we had perfect service.,1,2.5,2021-10-21,1004,2010
896,6897,The pizza selections are good.,1,2.4,2022-10-16,1002,2015
897,6898,"I had strawberry tea, which was good.",1,1.0,2021-04-23,1009,2047
898,6899,Highly unprofessional and rude to a loyal patron!,0,3.9,2021-03-18,1004,2053
899,6900,"Overall, a great experience.",1,1.8,2021-06-05,1008,2085
900,6901,Spend your money elsewhere.,0,1.2,2021-04-09,1013,2030
901,6902,Their regular toasted bread was equally satisfying with the occasional pats of butter... Mmmm...!,1,3.0,2022-02-01,1009,2032
902,6903,The Buffet at Bellagio was far from what I anticipated.,0,4.6,2022-08-17,1006,2059
903,6904,"And the drinks are WEAK, people!",0,4.8,2022-09-24,1005,2065
904,6905,-My order was not correct.,0,4.6,2022-02-25,1004,2078
905,6906,"Also, I feel like the chips are bought, not made in house.",0,2.7,2022-09-19,1007,2007
906,6907,After the disappointing dinner we went elsewhere for dessert.,0,4.7,2021-12-01,1005,2050
907,6908,The chips and sals a here is amazing!!!!!!!!!!!!!!!!!!!,1,1.1,2022-07-10,1008,2076
908,6909,We won't be returning.,0,3.9,2022-05-20,1010,2042
909,6910,This is my new fav Vegas buffet spot.,1,1.5,2021-05-18,1008,2046
910,6911,I seriously cannot believe that the owner has so many unexperienced employees that all are running around like chickens with their heads cut off.,0,3.3,2022-02-07,1002,2077
911,6912,"Very, very sad.",0,2.0,2022-09-11,1006,2080
912,6913,"i felt insulted and disrespected, how could you talk and judge another human being like that?",0,4.6,2022-09-25,1001,2064
913,6914,"How can you call yourself a steakhouse if you can't properly cook a steak, I don't understand!",0,1.3,2022-03-10,1010,2017
914,6915,I'm not impressed with the concept or the food.,0,4.0,2022-03-11,1006,2009
915,6916,The only thing I wasn't too crazy about was their guacamole as I don't like it pur√©ed.,0,1.8,2021-06-04,1011,2056
916,6917,"There is really nothing for me at postinos, hope your experience is better",0,3.5,2022-01-25,1004,2055
917,6918,I got food poisoning here at the buffet.,0,4.1,2021-10-14,1013,2050
918,6919,They brought a fresh batch of fries and I was thinking yay something warm but no!,0,3.3,2022-09-08,1004,2026
919,6920,"What SHOULD have been a hilarious, yummy Christmas Eve dinner to remember was the biggest fail of the entire trip for us.",0,4.5,2021-11-13,1011,2049
920,6921,"Needless to say, I won't be going back anytime soon.",0,4.5,2021-10-13,1002,2039
921,6922,This place is disgusting!,0,3.2,2022-09-08,1007,2095
922,6923,"Every time I eat here, I see caring teamwork to a professional degree.",1,2.3,2021-11-16,1008,2019
923,6924,The RI style calamari was a joke.,0,3.9,2022-08-30,1014,2051
924,6925,"However, there was so much garlic in the fondue, it was barely edible.",0,1.9,2022-03-17,1015,2051
925,6926,"I could barely stomach the meal, but didn't complain because it was a business lunch.",0,4.8,2021-12-18,1008,2013
926,6927,"It was so bad, I had lost the heart to finish it.",0,2.1,2022-09-17,1014,2047
927,6928,It also took her forever to bring us the check when we asked for it.,0,1.9,2022-11-28,1015,2051
928,6929,We aren't ones to make a scene at restaurants but I just don't get it...definitely lost the love after this one!,0,4.1,2021-12-25,1014,2040
929,6930,Disappointing experience.,0,4.7,2021-02-17,1007,2026
930,6931,"The food is about on par with Denny's, which is to say, not good at all.",0,3.2,2022-02-25,1004,2073
931,6932,"If you want to wait for mediocre food and downright terrible service, then this is the place for you.",0,1.4,2022-08-06,1004,2089
932,6933,WAAAAAAyyyyyyyyyy over rated is all I am saying.,0,4.4,2022-09-29,1004,2032
933,6934,We won't be going back.,0,3.2,2022-05-03,1006,2026
934,6935,The place was fairly clean but the food simply wasn't worth it.,0,1.5,2021-09-23,1015,2042
935,6936,This place lacked style!!,0,4.4,2022-08-08,1001,2099
936,6937,"The sangria was about half of a glass wine full and was $12, ridiculous.",0,1.5,2021-07-27,1014,2035
937,6938,Don't bother coming here.,0,4.3,2022-10-03,1001,2045
938,6939,"The meat was pretty dry, I had the sliced brisket and pulled pork.",0,2.9,2022-09-05,1009,2028
939,6940,"The building itself seems pretty neat, the bathroom is pretty trippy, but I wouldn't eat here again.",0,4.4,2021-05-29,1014,2058
940,6941,It was equally awful.,0,3.3,2022-02-16,1001,2043
941,6942,Probably not in a hurry to go back.,0,3.6,2022-08-24,1012,2016
942,6943,very slow at seating even with reservation.,0,4.2,2022-06-26,1011,2087
943,6944,Not good by any stretch of the imagination.,0,3.5,2021-10-10,1007,2026
944,6945,The cashew cream sauce was bland and the vegetables were undercooked.,0,4.7,2022-06-20,1015,2059
945,6946,"The chipolte ranch dipping sause was tasteless, seemed thin and watered down with no heat.",0,4.5,2021-08-09,1005,2044
946,6947,"It was a bit too sweet, not really spicy enough, and lacked flavor.",0,4.2,2021-12-24,1012,2059
947,6948,I was VERY disappointed!!,0,3.5,2021-03-21,1014,2038
948,6949,This place is horrible and way overpriced.,0,2.9,2022-08-07,1002,2054
949,6950,"Maybe it's just their Vegetarian fare, but I've been twice and I thought it was average at best.",0,2.1,2022-04-01,1010,2068
950,6951,It wasn't busy at all and now we know why.,0,1.4,2021-03-04,1011,2020
951,6952,The tables outside are also dirty a lot of the time and the workers are not always friendly and helpful with the menu.,0,4.4,2022-09-23,1005,2027
952,6953,"The ambiance here did not feel like a buffet setting, but more of a douchey indoor garden for tea and biscuits.",0,4.1,2022-01-02,1005,2098
953,6954,Con: spotty service.,0,1.5,2021-09-18,1003,2082
954,6955,"The fries were not hot, and neither was my burger.",0,4.7,2022-07-24,1002,2098
955,6956,But then they came back cold.,0,2.6,2022-02-28,1010,2070
956,6957,"Then our food came out, disappointment ensued.",0,1.5,2022-10-25,1006,2070
957,6958,The real disappointment was our waiter.,0,3.3,2021-10-29,1010,2061
958,6959,My husband said she was very rude... did not even apologize for the bad food or anything.,0,2.6,2022-01-11,1003,2028
959,6960,The only reason to eat here would be to fill up before a night of binge drinking just to get some carbs in your stomach.,0,4.5,2021-01-31,1012,2094
960,6961,"Insults, profound deuchebaggery, and had to go outside for a smoke break while serving just to solidify it.",0,3.2,2022-10-14,1015,2055
961,6962,If someone orders two tacos don't' you think it may be part of customer service to ask if it is combo or ala cart?,0,1.7,2021-12-30,1001,2008
962,6963,She was quite disappointed although some blame needs to be placed at her door.,0,3.0,2021-12-07,1003,2089
963,6964,After all the rave reviews I couldn't wait to eat here......what a disappointment!,0,1.3,2021-05-15,1006,2013
964,6965,Del Taco is pretty nasty and should be avoided if possible.,0,4.8,2021-07-02,1013,2040
965,6966,It's NOT hard to make a decent hamburger.,0,4.1,2022-10-01,1006,2012
966,6967,But I don't like it.,0,2.6,2021-10-07,1006,2009
967,6968,Hell no will I go back,0,2.8,2022-07-26,1011,2059
968,6969,We've have gotten a much better service from the pizza place next door than the services we received from this restaurant.,0,3.9,2022-11-16,1005,2078
969,6970,"I don't know what the big deal is about this place, but I won't be back ""ya'all"".",0,5.0,2022-09-17,1012,2072
970,6971,I immediately said I wanted to talk to the manager but I did not want to talk to the guy who was doing shots of fireball behind the bar.,0,4.7,2021-11-15,1008,2008
971,6972,The ambiance isn't much better.,0,3.6,2021-05-02,1013,2020
972,6973,"Unfortunately, it only set us up for disapppointment with our entrees.",0,1.7,2021-06-06,1012,2022
973,6974,The food wasn't good.,0,1.1,2022-03-10,1014,2079
974,6975,"Your servers suck, wait, correction, our server Heimer sucked.",0,1.0,2021-02-18,1012,2025
975,6976,What happened next was pretty....off putting.,0,3.0,2021-09-24,1002,2074
976,6977,"too bad cause I know it's family owned, I really wanted to like this place.",0,4.7,2022-09-15,1006,2098
977,6978,Overpriced for what you are getting.,0,1.9,2022-09-28,1004,2062
978,6979,I vomited in the bathroom mid lunch.,0,2.0,2022-04-19,1001,2032
979,6980,"I kept looking at the time and it had soon become 35 minutes, yet still no food.",0,2.7,2022-06-06,1007,2013
980,6981,"I have been to very few places to eat that under no circumstances would I ever return to, and this tops the list.",0,3.0,2022-11-16,1003,2010
981,6982,We started with the tuna sashimi which was brownish in color and obviously wasn't fresh.,0,2.8,2021-12-24,1001,2007
982,6983,Food was below average.,0,4.3,2022-06-15,1003,2058
983,6984,It sure does beat the nachos at the movies but I would expect a little bit more coming from a restaurant.,0,2.6,2022-02-24,1005,2095
984,6985,"All in all, Ha Long Bay was a bit of a flop.",0,1.2,2021-01-31,1004,2091
985,6986,The problem I have is that they charge $11.99 for a sandwich that is no bigger than a Subway sub (which offers better and more amount of vegetables).,0,5.0,2021-04-21,1012,2023
986,6987,Shrimp- When I unwrapped it (I live only 1/2 a mile from Brushfire) it was literally ice cold.,0,1.4,2022-07-04,1003,2068
987,6988,"It lacked flavor, seemed undercooked, and dry.",0,4.6,2021-10-29,1005,2090
988,6989,It really is impressive that the place hasn't closed down.,0,1.8,2022-05-15,1013,2075
989,6990,I would avoid this place if you are staying in the Mirage.,0,2.0,2021-06-07,1005,2097
990,6991,The refried beans that came with my meal were dried out and crusty and the food was bland.,0,1.9,2022-05-14,1006,2030
991,6992,Spend your money and time some place else.,0,1.2,2022-11-08,1007,2057
992,6993,A lady at the table next to us found a live green caterpillar In her salad.,0,3.8,2022-02-10,1015,2072
993,6994,the presentation of the food was awful.,0,2.0,2021-12-12,1001,2062
994,6995,I can't tell you how disappointed I was.,0,3.4,2021-02-13,1010,2098
995,6996,I think food should have flavor and texture and both were lacking.,0,3.4,2021-12-20,1010,2096
996,6997,Appetite instantly gone.,0,3.3,2022-03-07,1012,2099
997,6998,Overall I was not impressed and would not go back.,0,3.5,2021-02-24,1004,2016
998,6999,"The whole experience was underwhelming, and I think we'll just go to Ninja Sushi next time.",0,2.1,2021-03-22,1014,2049
999,7000,"Then, as if I hadn't wasted enough of my life there, they poured salt in the wound by drawing out the time it took to bring the check.",0,3.9,2021-03-08,1007,2099
